2026-03-01 12:58:57,121 - discord.client - WARNING - PyNaCl is not installed, voice will NOT be supported
2026-03-01 12:58:57,122 - discord.client - INFO - logging in using static token
2026-03-01 12:58:57,345 - DkatanaBot - CRITICAL - Bot crash: Improper token has been passed.
2026-03-01 13:01:35,527 - discord.client - WARNING - PyNaCl is not installed, voice will NOT be supported
2026-03-01 13:01:35,527 - discord.client - INFO - logging in using static token
2026-03-01 13:01:36,012 - DkatanaBot - INFO - 🚀 Memuatkan cogs...
2026-03-01 13:01:41,259 - DkatanaBot - INFO - ✅ MongoDB connected
2026-03-01 13:01:41,259 - DkatanaBot - INFO - ✅ cogs.database dimuatkan
2026-03-01 13:01:41,266 - DkatanaBot - INFO - ✅ cogs.attendance dimuatkan
2026-03-01 13:01:41,272 - DkatanaBot - INFO - ✅ cogs.leave_system dimuatkan
2026-03-01 13:01:41,277 - DkatanaBot - INFO - ✅ cogs.leaderboard dimuatkan
2026-03-01 13:01:41,337 - DkatanaBot - INFO - ✅ cogs.admin_panel dimuatkan
2026-03-01 13:01:41,426 - DkatanaBot - INFO - ✅ cogs.kutipan dimuatkan
2026-03-01 13:01:41,430 - DkatanaBot - INFO - ✅ cogs.voice_manager dimuatkan
2026-03-01 13:01:41,435 - DkatanaBot - INFO - ✅ cogs.anti_spam dimuatkan
2026-03-01 13:01:41,436 - DkatanaBot - INFO - ✅ cogs.logger dimuatkan
2026-03-01 13:01:41,526 - DkatanaBot - INFO - ✅ cogs.scheduler dimuatkan
2026-03-01 13:01:41,831 - DkatanaBot - INFO - ✅ 0 command(s) disync
2026-03-01 13:01:42,429 - discord.gateway - INFO - Shard ID None has connected to Gateway (Session ID: 0f4ee2bff4107e1e4d66fa0440b5f749).
2026-03-01 13:01:44,436 - DkatanaBot - INFO - 🤖 𝐀𝐓𝐓𝐄𝐍𝐃𝐀𝐍𝐂𝐄 ᴰᴷ'ᴮᴼᵀ sudah online!
2026-03-01 13:01:44,436 - DkatanaBot - INFO - 🆔 Bot ID: 1471155589508759775
2026-03-01 13:01:44,436 - DkatanaBot - INFO - 🌐 Berada di 1 server
2026-03-01 13:01:44,436 - DkatanaBot - INFO - 📝 Melaksanakan auto-setup...
2026-03-01 13:01:44,436 - DkatanaBot - ERROR - Error dalam event on_ready: () {}
2026-03-01 13:01:44,447 - DkatanaBot - INFO - 🧹 Membersihkan data lama...
2026-03-01 13:01:44,638 - DkatanaBot - INFO - 🗑️ 0 data lama dipadam
2026-03-01 13:01:57,004 - DkatanaBot - INFO - 🗑️ 1 mesej lama dipadam dari attendance channel
2026-03-01 13:01:59,430 - DkatanaBot - INFO - ✅ Attendance message dihantar ke ╠➣📝├ᴋᴇʜᴀᴅɪʀᴀɴ・ᴬᵘᵗᵒ
2026-03-01 13:02:00,890 - DkatanaBot - INFO - 🗑️ 1 mesej lama dipadam dari admin panel channel
2026-03-01 13:02:03,531 - DkatanaBot - INFO - ✅ Admin panel dihantar ke 『⚙️』ꜱᴇᴛᴜᴘ
2026-03-01 13:02:15,130 - DkatanaBot - INFO - ✅ Leaderboard kutipan dikemaskini (auto-setup)
2026-03-01 13:02:16,425 - DkatanaBot - INFO - ✅ Statistik kutipan dikemaskini (auto-setup)
2026-03-01 13:02:16,425 - DkatanaBot - INFO - ✅ Auto-setup selesai!
2026-03-02 21:10:39,297 - discord.client - WARNING - PyNaCl is not installed, voice will NOT be supported
2026-03-02 21:10:39,298 - discord.client - INFO - logging in using static token
2026-03-02 21:10:39,926 - DkatanaBot - INFO - 🚀 Memuatkan cogs...
2026-03-02 21:10:43,011 - DkatanaBot - INFO - ✅ MongoDB connected
2026-03-02 21:10:43,011 - DkatanaBot - INFO - ✅ cogs.database dimuatkan
2026-03-02 21:10:43,018 - DkatanaBot - INFO - ✅ cogs.attendance dimuatkan
2026-03-02 21:10:43,027 - DkatanaBot - INFO - ✅ cogs.leave_system dimuatkan
2026-03-02 21:10:43,030 - DkatanaBot - INFO - ✅ cogs.leaderboard dimuatkan
2026-03-02 21:10:43,191 - DkatanaBot - INFO - ✅ cogs.admin_panel dimuatkan
2026-03-02 21:10:43,202 - DkatanaBot - INFO - ✅ cogs.kutipan dimuatkan
2026-03-02 21:10:43,206 - DkatanaBot - INFO - ✅ cogs.voice_manager dimuatkan
2026-03-02 21:10:43,211 - DkatanaBot - INFO - ✅ cogs.anti_spam dimuatkan
2026-03-02 21:10:43,212 - DkatanaBot - INFO - ✅ cogs.logger dimuatkan
2026-03-02 21:10:43,294 - DkatanaBot - INFO - ✅ cogs.scheduler dimuatkan
2026-03-02 21:10:44,069 - DkatanaBot - INFO - ✅ 0 command(s) disync
2026-03-02 21:10:45,013 - discord.gateway - INFO - Shard ID None has connected to Gateway (Session ID: 9b6b95bea9cfa41e4a1ad392bebbbdeb).
2026-03-02 21:10:47,026 - DkatanaBot - INFO - 🤖 𝐀𝐓𝐓𝐄𝐍𝐃𝐀𝐍𝐂𝐄 ᴰᴷ'ᴮᴼᵀ sudah online!
2026-03-02 21:10:47,027 - DkatanaBot - INFO - 🆔 Bot ID: 1471155589508759775
2026-03-02 21:10:47,027 - DkatanaBot - INFO - 🌐 Berada di 1 server
2026-03-02 21:10:47,027 - DkatanaBot - INFO - 📝 Melaksanakan auto-setup...
2026-03-02 21:11:24,050 - DkatanaBot - INFO - 🧹 Membersihkan data lama...
2026-03-02 21:11:24,233 - DkatanaBot - INFO - 🗑️ 0 data lama dipadam
2026-03-02 21:11:25,238 - DkatanaBot - INFO - 🗑️ 1 mesej lama dipadam dari attendance channel
2026-03-02 21:11:26,099 - DkatanaBot - INFO - Leaderboard kutipan dikemaskini (startup)
2026-03-02 21:11:27,088 - discord.http - WARNING - We are being rate limited. PATCH https://discord.com/api/v10/channels/1475561442647347201/messages/1477933277879996518 responded with 429. Retrying in 3.60 seconds.
2026-03-02 21:11:27,780 - DkatanaBot - INFO - ✅ Attendance message dihantar ke ╠➣📝├ᴋᴇʜᴀᴅɪʀᴀɴ・ᴬᵘᵗᵒ
2026-03-02 21:11:29,618 - DkatanaBot - INFO - 🗑️ 1 mesej lama dipadam dari admin panel channel
2026-03-02 21:11:32,897 - DkatanaBot - INFO - ✅ Admin panel dihantar ke 『⚙️』ꜱᴇᴛᴜᴘ-ᴘᴀɴᴇʟ
2026-03-02 21:11:34,632 - discord.http - WARNING - We are being rate limited. PATCH https://discord.com/api/v10/channels/1476779413201879061/messages/1477537672602976426 responded with 429. Retrying in 2.09 seconds.
2026-03-02 21:11:37,539 - discord.http - WARNING - We are being rate limited. PATCH https://discord.com/api/v10/channels/1476779413201879061/messages/1477537704727023616 responded with 429. Retrying in 5.19 seconds.
2026-03-02 21:11:43,212 - DkatanaBot - INFO - ✅ Leaderboard kutipan dikemaskini (auto-setup)
2026-03-02 21:11:43,213 - DkatanaBot - INFO - ✅ Auto-setup selesai!
2026-03-02 21:15:59,179 - discord.http - WARNING - We are being rate limited. PATCH https://discord.com/api/v10/channels/1475561442647347201/messages/1477933277879996518 responded with 429. Retrying in 3.87 seconds.
2026-03-02 21:20:58,074 - discord.http - WARNING - We are being rate limited. PATCH https://discord.com/api/v10/channels/1475561442647347201/messages/1477933277879996518 responded with 429. Retrying in 4.51 seconds.
2026-03-02 21:21:49,431 - discord.client - WARNING - PyNaCl is not installed, voice will NOT be supported
2026-03-02 21:21:49,431 - discord.client - INFO - logging in using static token
2026-03-02 21:21:49,953 - DkatanaBot - INFO - 🚀 Memuatkan cogs...
2026-03-02 21:21:53,012 - DkatanaBot - INFO - ✅ MongoDB connected
2026-03-02 21:21:53,012 - DkatanaBot - INFO - ✅ cogs.database dimuatkan
2026-03-02 21:21:53,014 - DkatanaBot - INFO - ✅ cogs.attendance dimuatkan
2026-03-02 21:21:53,015 - DkatanaBot - INFO - ✅ cogs.leave_system dimuatkan
2026-03-02 21:21:53,016 - DkatanaBot - INFO - ✅ cogs.leaderboard dimuatkan
2026-03-02 21:21:53,021 - DkatanaBot - INFO - ✅ cogs.admin_panel dimuatkan
2026-03-02 21:21:53,032 - DkatanaBot - INFO - ✅ cogs.kutipan dimuatkan
2026-03-02 21:21:53,033 - DkatanaBot - INFO - ✅ cogs.voice_manager dimuatkan
2026-03-02 21:21:53,034 - DkatanaBot - INFO - ✅ cogs.anti_spam dimuatkan
2026-03-02 21:21:53,035 - DkatanaBot - INFO - ✅ cogs.logger dimuatkan
2026-03-02 21:21:53,036 - DkatanaBot - INFO - ✅ cogs.scheduler dimuatkan
2026-03-02 21:21:53,220 - DkatanaBot - INFO - ✅ 0 command(s) disync
2026-03-02 21:21:53,660 - discord.gateway - INFO - Shard ID None has connected to Gateway (Session ID: ea3239363abc70b4b98ad4073a1ae324).
2026-03-02 21:21:55,689 - DkatanaBot - INFO - 🤖 𝐀𝐓𝐓𝐄𝐍𝐃𝐀𝐍𝐂𝐄 ᴰᴷ'ᴮᴼᵀ sudah online!
2026-03-02 21:21:55,689 - DkatanaBot - INFO - 🆔 Bot ID: 1471155589508759775
2026-03-02 21:21:55,689 - DkatanaBot - INFO - 🌐 Berada di 1 server
2026-03-02 21:21:55,689 - DkatanaBot - INFO - 📝 Melaksanakan auto-setup...
2026-03-02 21:22:33,147 - DkatanaBot - INFO - 🧹 Membersihkan data lama...
2026-03-02 21:22:33,329 - DkatanaBot - INFO - 🗑️ 0 data lama dipadam
2026-03-02 21:22:34,421 - DkatanaBot - INFO - 🗑️ 1 mesej lama dipadam dari attendance channel
2026-03-02 21:22:35,098 - DkatanaBot - INFO - Leaderboard kutipan dikemaskini (startup)
2026-03-02 21:22:35,355 - discord.http - WARNING - We are being rate limited. PATCH https://discord.com/api/v10/channels/1475561442647347201/messages/1477933277879996518 responded with 429. Retrying in 4.42 seconds.
2026-03-02 21:22:36,754 - DkatanaBot - INFO - ✅ Attendance message dihantar ke ╠➣📝├ᴋᴇʜᴀᴅɪʀᴀɴ・ᴬᵘᵗᵒ
2026-03-02 21:22:38,138 - DkatanaBot - INFO - 🗑️ 1 mesej lama dipadam dari admin panel channel
2026-03-02 21:22:40,598 - DkatanaBot - INFO - ✅ Admin panel dihantar ke 『⚙️』ꜱᴇᴛᴜᴘ-ᴘᴀɴᴇʟ
2026-03-02 21:22:42,246 - discord.http - WARNING - We are being rate limited. PATCH https://discord.com/api/v10/channels/1476779413201879061/messages/1477537672602976426 responded with 429. Retrying in 3.54 seconds.
2026-03-02 21:22:46,439 - discord.http - WARNING - We are being rate limited. PATCH https://discord.com/api/v10/channels/1476779413201879061/messages/1477537704727023616 responded with 429. Retrying in 5.36 seconds.
2026-03-02 21:22:52,299 - DkatanaBot - INFO - ✅ Leaderboard kutipan dikemaskini (auto-setup)
2026-03-02 21:22:52,300 - DkatanaBot - INFO - ✅ Auto-setup selesai!
2026-03-02 21:25:20,164 - discord.http - WARNING - We are being rate limited. PATCH https://discord.com/api/v10/channels/1475561442647347201/messages/1477933277879996518 responded with 429. Retrying in 4.46 seconds.
2026-03-02 21:27:06,847 - discord.http - WARNING - We are being rate limited. PATCH https://discord.com/api/v10/channels/1475561442647347201/messages/1477933277879996518 responded with 429. Retrying in 4.36 seconds.
2026-03-02 21:27:47,735 - discord.http - WARNING - We are being rate limited. PATCH https://discord.com/api/v10/channels/1475561442647347201/messages/1477933277879996518 responded with 429. Retrying in 4.21 seconds.
2026-03-02 21:32:07,307 - discord.http - WARNING - We are being rate limited. PATCH https://discord.com/api/v10/channels/1475561442647347201/messages/1477933277879996518 responded with 429. Retrying in 4.01 seconds.
2026-03-02 21:37:07,795 - discord.http - WARNING - We are being rate limited. PATCH https://discord.com/api/v10/channels/1475561442647347201/messages/1477933277879996518 responded with 429. Retrying in 3.89 seconds.
2026-03-02 21:37:08,007 - discord.gateway - INFO - Shard ID None has successfully RESUMED session ea3239363abc70b4b98ad4073a1ae324.
2026-03-02 21:42:07,632 - discord.http - WARNING - We are being rate limited. PATCH https://discord.com/api/v10/channels/1475561442647347201/messages/1477933277879996518 responded with 429. Retrying in 4.14 seconds.
2026-03-02 21:47:07,166 - discord.http - WARNING - We are being rate limited. PATCH https://discord.com/api/v10/channels/1475561442647347201/messages/1477933277879996518 responded with 429. Retrying in 4.15 seconds.
2026-03-12 15:00:18,804 - discord.client - WARNING - PyNaCl is not installed, voice will NOT be supported
2026-03-12 15:00:18,805 - discord.client - WARNING - davey is not installed, voice will NOT be supported
2026-03-12 15:00:18,805 - discord.client - INFO - logging in using static token
2026-03-12 15:00:19,749 - DkatanaBot - INFO - 🚀 Memuatkan cogs...
2026-03-12 15:00:22,986 - DkatanaBot - INFO - ✅ MongoDB connected
2026-03-12 15:00:22,986 - DkatanaBot - INFO - ✅ cogs.database dimuatkan
2026-03-12 15:00:22,995 - DkatanaBot - INFO - ✅ cogs.attendance dimuatkan
2026-03-12 15:00:23,002 - DkatanaBot - INFO - ✅ cogs.leave_system dimuatkan
2026-03-12 15:00:23,006 - DkatanaBot - INFO - ✅ cogs.leaderboard dimuatkan
2026-03-12 15:00:23,109 - DkatanaBot - INFO - ✅ cogs.admin_panel dimuatkan
2026-03-12 15:00:23,201 - DkatanaBot - INFO - ✅ cogs.kutipan dimuatkan
2026-03-12 15:00:23,205 - DkatanaBot - INFO - ✅ cogs.voice_manager dimuatkan
2026-03-12 15:00:23,208 - DkatanaBot - INFO - ✅ cogs.anti_spam dimuatkan
2026-03-12 15:00:23,209 - DkatanaBot - INFO - ✅ cogs.logger dimuatkan
2026-03-12 15:00:23,213 - DkatanaBot - INFO - ✅ cogs.scheduler dimuatkan
2026-03-12 15:00:23,430 - DkatanaBot - INFO - ✅ 0 command(s) disync
2026-03-12 15:00:24,235 - discord.gateway - INFO - Shard ID None has connected to Gateway (Session ID: 7f99bf5103d788c642fe495eb94e0bd3).
2026-03-12 15:00:26,252 - DkatanaBot - INFO - 🤖 𝐃𝐊𝐒𝐲𝐬𝐭𝐞𝐦 ᴮᴼᵀ sudah online!
2026-03-12 15:00:26,252 - DkatanaBot - INFO - 🆔 Bot ID: 1471155589508759775
2026-03-12 15:00:26,252 - DkatanaBot - INFO - 🌐 Berada di 1 server
2026-03-12 15:00:26,252 - DkatanaBot - INFO - 📝 Melaksanakan auto-setup...
2026-03-12 15:00:26,268 - DkatanaBot - INFO - 🧹 Membersihkan data lama...
2026-03-12 15:00:27,770 - DkatanaBot - INFO - 🗑️ 0 data lama dipadam
2026-03-12 15:00:30,382 - DkatanaBot - INFO - ℹ️ Attendance message sedia ada direfresh di ╠➣📝├ᴋᴇʜᴀᴅɪʀᴀɴ・ᴬᵘᵗᵒ
2026-03-12 15:00:35,581 - DkatanaBot - INFO - 🗑️ 1 mesej lama dipadam dari admin panel channel
2026-03-12 15:00:38,561 - DkatanaBot - INFO - ✅ Admin panel dihantar ke 『⚙️』ꜱᴇᴛᴜᴘ-ᴘᴀɴᴇʟ
2026-03-12 15:00:42,394 - DkatanaBot - INFO - ✅ Leaderboard kutipan dikemaskini (auto-setup)
2026-03-12 15:00:42,394 - DkatanaBot - INFO - ✅ Auto-setup selesai!
2026-03-12 15:00:56,770 - discord.http - WARNING - We are being rate limited. PATCH https://discord.com/api/v10/channels/1476779413201879061/messages/1479122250744729605 responded with 429. Retrying in 1.48 seconds.
2026-03-12 15:00:58,840 - DkatanaBot - INFO - Leaderboard kutipan dikemaskini (startup)
2026-03-12 15:05:39,779 - discord.http - WARNING - We are being rate limited. PATCH https://discord.com/api/v10/channels/1475561442647347201/messages/1481336262945144935 responded with 429. Retrying in 2.25 seconds.
2026-03-12 15:06:31,911 - discord.http - WARNING - We are being rate limited. PATCH https://discord.com/api/v10/channels/1475561442647347201/messages/1481336262945144935 responded with 429. Retrying in 0.30 seconds.
2026-03-12 15:10:39,646 - discord.http - WARNING - We are being rate limited. PATCH https://discord.com/api/v10/channels/1475561442647347201/messages/1481336262945144935 responded with 429. Retrying in 2.38 seconds.
2026-03-12 15:13:00,316 - discord.http - WARNING - We are being rate limited. PATCH https://discord.com/api/v10/channels/1475561442647347201/messages/1481336262945144935 responded with 429. Retrying in 2.44 seconds.
2026-03-12 15:14:31,683 - discord.http - WARNING - We are being rate limited. PATCH https://discord.com/api/v10/channels/1475561442647347201/messages/1481336262945144935 responded with 429. Retrying in 1.85 seconds.
2026-03-12 15:15:40,148 - discord.http - WARNING - We are being rate limited. PATCH https://discord.com/api/v10/channels/1475561442647347201/messages/1481336262945144935 responded with 429. Retrying in 1.82 seconds.
2026-03-12 15:20:40,210 - discord.http - WARNING - We are being rate limited. PATCH https://discord.com/api/v10/channels/1475561442647347201/messages/1481336262945144935 responded with 429. Retrying in 2.28 seconds.
2026-03-12 15:25:40,276 - discord.http - WARNING - We are being rate limited. PATCH https://discord.com/api/v10/channels/1475561442647347201/messages/1481336262945144935 responded with 429. Retrying in 2.26 seconds.
2026-03-12 15:30:40,298 - discord.http - WARNING - We are being rate limited. PATCH https://discord.com/api/v10/channels/1475561442647347201/messages/1481336262945144935 responded with 429. Retrying in 2.23 seconds.
2026-03-12 15:35:39,960 - discord.http - WARNING - We are being rate limited. PATCH https://discord.com/api/v10/channels/1475561442647347201/messages/1481336262945144935 responded with 429. Retrying in 2.31 seconds.
2026-03-12 15:40:39,979 - discord.http - WARNING - We are being rate limited. PATCH https://discord.com/api/v10/channels/1475561442647347201/messages/1481336262945144935 responded with 429. Retrying in 2.32 seconds.
2026-03-12 15:45:39,720 - discord.http - WARNING - We are being rate limited. PATCH https://discord.com/api/v10/channels/1475561442647347201/messages/1481336262945144935 responded with 429. Retrying in 2.22 seconds.
2026-03-12 15:50:41,360 - discord.http - WARNING - We are being rate limited. PATCH https://discord.com/api/v10/channels/1475561442647347201/messages/1481336262945144935 responded with 429. Retrying in 0.55 seconds.
2026-03-12 15:55:39,834 - discord.http - WARNING - We are being rate limited. PATCH https://discord.com/api/v10/channels/1475561442647347201/messages/1481336262945144935 responded with 429. Retrying in 2.10 seconds.
2026-03-12 16:00:39,996 - discord.http - WARNING - We are being rate limited. PATCH https://discord.com/api/v10/channels/1475561442647347201/messages/1481336262945144935 responded with 429. Retrying in 1.95 seconds.
2026-03-12 16:05:40,165 - discord.http - WARNING - We are being rate limited. PATCH https://discord.com/api/v10/channels/1475561442647347201/messages/1481336262945144935 responded with 429. Retrying in 2.02 seconds.
2026-03-12 16:10:39,710 - discord.http - WARNING - We are being rate limited. PATCH https://discord.com/api/v10/channels/1475561442647347201/messages/1481336262945144935 responded with 429. Retrying in 2.23 seconds.
2026-03-12 16:15:39,835 - discord.http - WARNING - We are being rate limited. PATCH https://discord.com/api/v10/channels/1475561442647347201/messages/1481336262945144935 responded with 429. Retrying in 2.08 seconds.
2026-03-12 16:20:41,389 - discord.http - WARNING - We are being rate limited. PATCH https://discord.com/api/v10/channels/1475561442647347201/messages/1481336262945144935 responded with 429. Retrying in 0.56 seconds.
2026-03-12 16:25:39,763 - discord.http - WARNING - We are being rate limited. PATCH https://discord.com/api/v10/channels/1475561442647347201/messages/1481336262945144935 responded with 429. Retrying in 2.24 seconds.
2026-03-12 16:28:35,163 - discord.gateway - INFO - Shard ID None has successfully RESUMED session 7f99bf5103d788c642fe495eb94e0bd3.
2026-03-12 16:30:39,789 - discord.http - WARNING - We are being rate limited. PATCH https://discord.com/api/v10/channels/1475561442647347201/messages/1481336262945144935 responded with 429. Retrying in 2.19 seconds.
2026-03-12 16:35:39,611 - discord.http - WARNING - We are being rate limited. PATCH https://discord.com/api/v10/channels/1475561442647347201/messages/1481336262945144935 responded with 429. Retrying in 2.33 seconds.
2026-03-12 16:39:59,021 - discord.http - WARNING - We are being rate limited. PATCH https://discord.com/api/v10/channels/1475561442647347201/messages/1481336262945144935 responded with 429. Retrying in 1.59 seconds.
2026-03-12 16:40:15,683 - discord.http - WARNING - We are being rate limited. PATCH https://discord.com/api/v10/channels/1475561442647347201/messages/1481336258100858880 responded with 429. Retrying in 2.93 seconds.
2026-03-12 16:40:20,187 - discord.http - WARNING - We are being rate limited. PATCH https://discord.com/api/v10/channels/1475561442647347201/messages/1481336262945144935 responded with 429. Retrying in 4.44 seconds.
2026-03-12 16:40:39,597 - discord.http - WARNING - We are being rate limited. PATCH https://discord.com/api/v10/channels/1475561442647347201/messages/1481336258100858880 responded with 429. Retrying in 3.02 seconds.
2026-03-12 16:40:44,044 - discord.http - WARNING - We are being rate limited. PATCH https://discord.com/api/v10/channels/1475561442647347201/messages/1481336262945144935 responded with 429. Retrying in 4.57 seconds.
2026-03-12 16:41:09,501 - discord.http - WARNING - We are being rate limited. PATCH https://discord.com/api/v10/channels/1475561442647347201/messages/1481336262945144935 responded with 429. Retrying in 3.19 seconds.
2026-03-12 16:41:35,125 - discord.http - WARNING - We are being rate limited. PATCH https://discord.com/api/v10/channels/1475561442647347201/messages/1481336262945144935 responded with 429. Retrying in 1.49 seconds.
2026-03-12 16:41:57,408 - discord.http - WARNING - We are being rate limited. PATCH https://discord.com/api/v10/channels/1475561442647347201/messages/1481336262945144935 responded with 429. Retrying in 3.21 seconds.
2026-03-12 16:43:29,424 - discord.http - WARNING - We are being rate limited. PATCH https://discord.com/api/v10/channels/1475561442647347201/messages/1481336262945144935 responded with 429. Retrying in 3.27 seconds.
2026-03-12 16:43:54,877 - discord.http - WARNING - We are being rate limited. PATCH https://discord.com/api/v10/channels/1475561442647347201/messages/1481336262945144935 responded with 429. Retrying in 1.82 seconds.
2026-03-12 16:44:17,824 - discord.http - WARNING - We are being rate limited. PATCH https://discord.com/api/v10/channels/1475561442647347201/messages/1481336262945144935 responded with 429. Retrying in 2.87 seconds.
2026-03-12 16:44:43,451 - discord.http - WARNING - We are being rate limited. PATCH https://discord.com/api/v10/channels/1475561442647347201/messages/1481336262945144935 responded with 429. Retrying in 1.25 seconds.
2026-03-12 16:46:04,601 - discord.http - WARNING - We are being rate limited. PATCH https://discord.com/api/v10/channels/1475561442647347201/messages/1481336262945144935 responded with 429. Retrying in 2.74 seconds.
2026-03-12 16:50:40,311 - discord.http - WARNING - We are being rate limited. PATCH https://discord.com/api/v10/channels/1475561442647347201/messages/1481336262945144935 responded with 429. Retrying in 2.07 seconds.
2026-03-12 16:52:17,737 - discord.http - WARNING - We are being rate limited. PATCH https://discord.com/api/v10/channels/1475561442647347201/messages/1481336262945144935 responded with 429. Retrying in 1.94 seconds.
2026-03-12 16:53:42,786 - discord.http - WARNING - We are being rate limited. PATCH https://discord.com/api/v10/channels/1475561442647347201/messages/1481336262945144935 responded with 429. Retrying in 1.97 seconds.
2026-03-12 16:55:40,499 - discord.http - WARNING - We are being rate limited. PATCH https://discord.com/api/v10/channels/1475561442647347201/messages/1481336262945144935 responded with 429. Retrying in 2.13 seconds.
2026-03-12 17:00:40,522 - discord.http - WARNING - We are being rate limited. PATCH https://discord.com/api/v10/channels/1475561442647347201/messages/1481336262945144935 responded with 429. Retrying in 1.83 seconds.
2026-03-12 17:05:40,021 - discord.http - WARNING - We are being rate limited. PATCH https://discord.com/api/v10/channels/1475561442647347201/messages/1481336262945144935 responded with 429. Retrying in 2.36 seconds.
2026-03-12 17:10:15,698 - discord.http - WARNING - We are being rate limited. PATCH https://discord.com/api/v10/channels/1475561442647347201/messages/1481336262945144935 responded with 429. Retrying in 2.03 seconds.
2026-03-12 17:10:39,600 - discord.http - WARNING - We are being rate limited. PATCH https://discord.com/api/v10/channels/1475561442647347201/messages/1481336262945144935 responded with 429. Retrying in 2.41 seconds.
2026-03-12 17:15:39,785 - discord.http - WARNING - We are being rate limited. PATCH https://discord.com/api/v10/channels/1475561442647347201/messages/1481336262945144935 responded with 429. Retrying in 2.22 seconds.
2026-03-12 17:20:39,969 - discord.http - WARNING - We are being rate limited. PATCH https://discord.com/api/v10/channels/1475561442647347201/messages/1481336262945144935 responded with 429. Retrying in 2.08 seconds.
2026-03-12 17:21:08,479 - discord.http - WARNING - We are being rate limited. PATCH https://discord.com/api/v10/channels/1475561442647347201/messages/1481336262945144935 responded with 429. Retrying in 2.31 seconds.
2026-03-12 17:25:39,646 - discord.http - WARNING - We are being rate limited. PATCH https://discord.com/api/v10/channels/1475561442647347201/messages/1481336262945144935 responded with 429. Retrying in 2.43 seconds.
2026-03-12 17:30:40,032 - discord.http - WARNING - We are being rate limited. PATCH https://discord.com/api/v10/channels/1475561442647347201/messages/1481336262945144935 responded with 429. Retrying in 2.23 seconds.
2026-03-12 17:35:40,320 - discord.http - WARNING - We are being rate limited. PATCH https://discord.com/api/v10/channels/1475561442647347201/messages/1481336262945144935 responded with 429. Retrying in 2.04 seconds.
2026-03-12 17:40:39,957 - discord.http - WARNING - We are being rate limited. PATCH https://discord.com/api/v10/channels/1475561442647347201/messages/1481336262945144935 responded with 429. Retrying in 2.34 seconds.
2026-03-12 17:45:41,617 - discord.http - WARNING - We are being rate limited. PATCH https://discord.com/api/v10/channels/1475561442647347201/messages/1481336262945144935 responded with 429. Retrying in 0.77 seconds.
2026-03-12 18:41:16,566 - discord.gateway - INFO - Shard ID None has successfully RESUMED session 7f99bf5103d788c642fe495eb94e0bd3.
2026-03-12 18:55:39,715 - discord.http - WARNING - We are being rate limited. PATCH https://discord.com/api/v10/channels/1475561442647347201/messages/1481336262945144935 responded with 429. Retrying in 2.32 seconds.
2026-03-12 19:00:40,966 - discord.http - WARNING - We are being rate limited. PATCH https://discord.com/api/v10/channels/1475561442647347201/messages/1481336262945144935 responded with 429. Retrying in 1.23 seconds.
2026-03-12 19:05:40,624 - discord.http - WARNING - We are being rate limited. PATCH https://discord.com/api/v10/channels/1475561442647347201/messages/1481336262945144935 responded with 429. Retrying in 1.45 seconds.
2026-03-12 19:10:39,766 - discord.http - WARNING - We are being rate limited. PATCH https://discord.com/api/v10/channels/1475561442647347201/messages/1481336262945144935 responded with 429. Retrying in 2.17 seconds.
2026-03-12 19:15:39,849 - discord.http - WARNING - We are being rate limited. PATCH https://discord.com/api/v10/channels/1475561442647347201/messages/1481336262945144935 responded with 429. Retrying in 2.29 seconds.
2026-03-12 19:20:39,964 - discord.http - WARNING - We are being rate limited. PATCH https://discord.com/api/v10/channels/1475561442647347201/messages/1481336262945144935 responded with 429. Retrying in 2.10 seconds.
2026-03-12 19:25:39,782 - discord.http - WARNING - We are being rate limited. PATCH https://discord.com/api/v10/channels/1475561442647347201/messages/1481336262945144935 responded with 429. Retrying in 2.23 seconds.
2026-03-12 19:30:40,492 - discord.http - WARNING - We are being rate limited. PATCH https://discord.com/api/v10/channels/1475561442647347201/messages/1481336262945144935 responded with 429. Retrying in 2.16 seconds.
2026-03-12 19:35:40,215 - discord.http - WARNING - We are being rate limited. PATCH https://discord.com/api/v10/channels/1475561442647347201/messages/1481336262945144935 responded with 429. Retrying in 2.36 seconds.
2026-03-12 19:37:28,420 - discord.gateway - INFO - Shard ID None has successfully RESUMED session 7f99bf5103d788c642fe495eb94e0bd3.
2026-03-12 19:40:39,630 - discord.http - WARNING - We are being rate limited. PATCH https://discord.com/api/v10/channels/1475561442647347201/messages/1481336262945144935 responded with 429. Retrying in 2.30 seconds.
2026-03-12 19:45:39,361 - discord.http - WARNING - We are being rate limited. PATCH https://discord.com/api/v10/channels/1475561442647347201/messages/1481336262945144935 responded with 429. Retrying in 2.27 seconds.
2026-03-12 19:48:37,443 - discord.http - WARNING - We are being rate limited. PATCH https://discord.com/api/v10/channels/1475561442647347201/messages/1481336262945144935 responded with 429. Retrying in 2.41 seconds.
2026-03-12 19:50:39,243 - discord.http - WARNING - We are being rate limited. PATCH https://discord.com/api/v10/channels/1475561442647347201/messages/1481336262945144935 responded with 429. Retrying in 2.27 seconds.
2026-03-12 19:52:50,975 - discord.gateway - INFO - Shard ID None has successfully RESUMED session 7f99bf5103d788c642fe495eb94e0bd3.
2026-03-12 19:55:39,653 - discord.http - WARNING - We are being rate limited. PATCH https://discord.com/api/v10/channels/1475561442647347201/messages/1481336262945144935 responded with 429. Retrying in 2.34 seconds.
2026-03-12 20:00:39,187 - discord.http - WARNING - We are being rate limited. PATCH https://discord.com/api/v10/channels/1475561442647347201/messages/1481336262945144935 responded with 429. Retrying in 2.16 seconds.
2026-03-12 20:05:41,424 - discord.http - WARNING - We are being rate limited. PATCH https://discord.com/api/v10/channels/1475561442647347201/messages/1481336262945144935 responded with 429. Retrying in 1.90 seconds.
2026-03-12 20:10:39,247 - DkatanaBot - INFO - 🎽 Assigned jersey number #53 to LuqqaCrasher (1023996282219544697)
2026-03-12 20:10:39,443 - DkatanaBot - ERROR - Error update leaderboard loop: 'NoneType' object has no attribute 'get'
2026-03-12 20:15:39,509 - discord.http - WARNING - We are being rate limited. PATCH https://discord.com/api/v10/channels/1475561442647347201/messages/1481336262945144935 responded with 429. Retrying in 2.05 seconds.
2026-03-12 20:20:39,883 - discord.http - WARNING - We are being rate limited. PATCH https://discord.com/api/v10/channels/1475561442647347201/messages/1481336262945144935 responded with 429. Retrying in 1.62 seconds.
2026-03-12 20:25:39,263 - discord.http - WARNING - We are being rate limited. PATCH https://discord.com/api/v10/channels/1475561442647347201/messages/1481336262945144935 responded with 429. Retrying in 2.35 seconds.
2026-03-12 20:30:40,047 - discord.http - WARNING - We are being rate limited. PATCH https://discord.com/api/v10/channels/1475561442647347201/messages/1481336262945144935 responded with 429. Retrying in 2.20 seconds.
2026-03-12 20:35:40,056 - discord.http - WARNING - We are being rate limited. PATCH https://discord.com/api/v10/channels/1475561442647347201/messages/1481336262945144935 responded with 429. Retrying in 2.24 seconds.
2026-03-12 20:40:39,843 - discord.http - WARNING - We are being rate limited. PATCH https://discord.com/api/v10/channels/1475561442647347201/messages/1481336262945144935 responded with 429. Retrying in 2.19 seconds.
2026-03-12 20:45:42,143 - discord.http - WARNING - We are being rate limited. PATCH https://discord.com/api/v10/channels/1475561442647347201/messages/1481336262945144935 responded with 429. Retrying in 2.10 seconds.
2026-03-12 20:48:12,948 - discord.http - WARNING - We are being rate limited. PATCH https://discord.com/api/v10/channels/1475561442647347201/messages/1481336262945144935 responded with 429. Retrying in 2.29 seconds.
2026-03-12 20:48:31,460 - discord.http - WARNING - We are being rate limited. PATCH https://discord.com/api/v10/channels/1475561442647347201/messages/1481336258100858880 responded with 429. Retrying in 1.77 seconds.
2026-03-12 20:48:34,727 - discord.http - WARNING - We are being rate limited. PATCH https://discord.com/api/v10/channels/1475561442647347201/messages/1481336262945144935 responded with 429. Retrying in 4.51 seconds.
2026-03-12 20:50:40,176 - discord.http - WARNING - We are being rate limited. PATCH https://discord.com/api/v10/channels/1475561442647347201/messages/1481336262945144935 responded with 429. Retrying in 2.46 seconds.
2026-03-12 20:53:53,694 - discord.gateway - INFO - Shard ID None has successfully RESUMED session 7f99bf5103d788c642fe495eb94e0bd3.
2026-03-12 20:55:40,932 - discord.http - WARNING - We are being rate limited. PATCH https://discord.com/api/v10/channels/1475561442647347201/messages/1481336262945144935 responded with 429. Retrying in 1.13 seconds.
2026-03-12 21:00:40,352 - discord.http - WARNING - We are being rate limited. PATCH https://discord.com/api/v10/channels/1475561442647347201/messages/1481336262945144935 responded with 429. Retrying in 1.95 seconds.
2026-03-12 21:05:40,925 - discord.http - WARNING - We are being rate limited. PATCH https://discord.com/api/v10/channels/1475561442647347201/messages/1481336262945144935 responded with 429. Retrying in 1.76 seconds.
2026-03-12 21:10:40,068 - discord.http - WARNING - We are being rate limited. PATCH https://discord.com/api/v10/channels/1475561442647347201/messages/1481336262945144935 responded with 429. Retrying in 2.09 seconds.
2026-03-12 21:15:40,270 - discord.http - WARNING - We are being rate limited. PATCH https://discord.com/api/v10/channels/1475561442647347201/messages/1481336262945144935 responded with 429. Retrying in 1.92 seconds.
2026-03-12 21:20:39,898 - discord.http - WARNING - We are being rate limited. PATCH https://discord.com/api/v10/channels/1475561442647347201/messages/1481336262945144935 responded with 429. Retrying in 2.48 seconds.
2026-03-12 21:25:40,226 - discord.http - WARNING - We are being rate limited. PATCH https://discord.com/api/v10/channels/1475561442647347201/messages/1481336262945144935 responded with 429. Retrying in 1.82 seconds.
2026-03-12 21:30:40,387 - discord.http - WARNING - We are being rate limited. PATCH https://discord.com/api/v10/channels/1475561442647347201/messages/1481336262945144935 responded with 429. Retrying in 1.71 seconds.
2026-03-12 21:35:39,121 - discord.http - WARNING - We are being rate limited. PATCH https://discord.com/api/v10/channels/1475561442647347201/messages/1481336262945144935 responded with 429. Retrying in 2.37 seconds.
2026-03-12 21:40:39,166 - discord.http - WARNING - We are being rate limited. PATCH https://discord.com/api/v10/channels/1475561442647347201/messages/1481336262945144935 responded with 429. Retrying in 2.25 seconds.
2026-03-12 21:45:40,045 - discord.http - WARNING - We are being rate limited. PATCH https://discord.com/api/v10/channels/1475561442647347201/messages/1481336262945144935 responded with 429. Retrying in 2.00 seconds.
2026-03-12 21:50:39,307 - discord.http - WARNING - We are being rate limited. PATCH https://discord.com/api/v10/channels/1475561442647347201/messages/1481336262945144935 responded with 429. Retrying in 2.24 seconds.
2026-03-12 21:55:39,200 - discord.http - WARNING - We are being rate limited. PATCH https://discord.com/api/v10/channels/1475561442647347201/messages/1481336262945144935 responded with 429. Retrying in 2.22 seconds.
2026-03-12 22:00:52,396 - discord.http - WARNING - We are being rate limited. PATCH https://discord.com/api/v10/channels/1475561442647347201/messages/1481336262945144935 responded with 429. Retrying in 2.29 seconds.
2026-03-12 22:01:08,445 - discord.http - WARNING - We are being rate limited. PATCH https://discord.com/api/v10/channels/1475561442647347201/messages/1481336258100858880 responded with 429. Retrying in 4.24 seconds.
2026-03-12 22:01:14,212 - discord.http - WARNING - We are being rate limited. PATCH https://discord.com/api/v10/channels/1475561442647347201/messages/1481336262945144935 responded with 429. Retrying in 4.50 seconds.
2026-03-12 22:05:39,940 - discord.http - WARNING - We are being rate limited. PATCH https://discord.com/api/v10/channels/1475561442647347201/messages/1481336262945144935 responded with 429. Retrying in 1.98 seconds.
2026-03-12 22:10:40,216 - discord.http - WARNING - We are being rate limited. PATCH https://discord.com/api/v10/channels/1475561442647347201/messages/1481336262945144935 responded with 429. Retrying in 2.08 seconds.
2026-03-12 22:15:40,035 - discord.http - WARNING - We are being rate limited. PATCH https://discord.com/api/v10/channels/1475561442647347201/messages/1481336262945144935 responded with 429. Retrying in 2.35 seconds.
2026-03-12 22:20:39,897 - discord.http - WARNING - We are being rate limited. PATCH https://discord.com/api/v10/channels/1475561442647347201/messages/1481336262945144935 responded with 429. Retrying in 2.12 seconds.
2026-03-12 22:20:55,400 - discord.http - WARNING - We are being rate limited. PATCH https://discord.com/api/v10/channels/1475561442647347201/messages/1481336258100858880 responded with 429. Retrying in 4.62 seconds.
2026-03-12 22:21:01,391 - discord.http - WARNING - We are being rate limited. PATCH https://discord.com/api/v10/channels/1475561442647347201/messages/1481336262945144935 responded with 429. Retrying in 4.63 seconds.
2026-03-12 22:25:39,353 - discord.http - WARNING - We are being rate limited. PATCH https://discord.com/api/v10/channels/1475561442647347201/messages/1481336262945144935 responded with 429. Retrying in 2.24 seconds.
2026-03-12 22:30:58,644 - DkatanaBot - ERROR - Error update leaderboard loop: 503 Service Unavailable (error code: 0): upstream connect error or disconnect/reset before headers. reset reason: overflow
2026-03-12 22:35:36,203 - DkatanaBot - ERROR - Error update leaderboard loop: 503 Service Unavailable (error code: 0): upstream connect error or disconnect/reset before headers. reset reason: overflow
2026-03-12 22:40:59,634 - DkatanaBot - ERROR - Error update leaderboard loop: 503 Service Unavailable (error code: 0): upstream connect error or disconnect/reset before headers. reset reason: overflow
2026-03-12 22:41:17,985 - discord.gateway - INFO - Shard ID None has successfully RESUMED session 7f99bf5103d788c642fe495eb94e0bd3.
2026-03-12 22:46:02,833 - DkatanaBot - ERROR - Error update leaderboard loop: 503 Service Unavailable (error code: 0): upstream connect error or disconnect/reset before headers. reset reason: overflow
2026-03-12 23:55:39,166 - discord.http - WARNING - We are being rate limited. PATCH https://discord.com/api/v10/channels/1475561442647347201/messages/1481336262945144935 responded with 429. Retrying in 2.29 seconds.
2026-03-13 00:00:39,187 - discord.http - WARNING - We are being rate limited. PATCH https://discord.com/api/v10/channels/1475561442647347201/messages/1481336262945144935 responded with 429. Retrying in 2.25 seconds.
2026-03-13 00:05:39,373 - discord.http - WARNING - We are being rate limited. PATCH https://discord.com/api/v10/channels/1475561442647347201/messages/1481336262945144935 responded with 429. Retrying in 2.18 seconds.
2026-03-13 00:10:40,134 - discord.http - WARNING - We are being rate limited. PATCH https://discord.com/api/v10/channels/1475561442647347201/messages/1481336262945144935 responded with 429. Retrying in 1.94 seconds.
2026-03-13 00:15:39,618 - discord.http - WARNING - We are being rate limited. PATCH https://discord.com/api/v10/channels/1475561442647347201/messages/1481336262945144935 responded with 429. Retrying in 2.42 seconds.
2026-03-13 00:20:39,705 - discord.http - WARNING - We are being rate limited. PATCH https://discord.com/api/v10/channels/1475561442647347201/messages/1481336262945144935 responded with 429. Retrying in 2.25 seconds.
2026-03-13 00:25:39,908 - discord.http - WARNING - We are being rate limited. PATCH https://discord.com/api/v10/channels/1475561442647347201/messages/1481336262945144935 responded with 429. Retrying in 2.38 seconds.
2026-03-13 00:30:41,177 - discord.http - WARNING - We are being rate limited. PATCH https://discord.com/api/v10/channels/1475561442647347201/messages/1481336262945144935 responded with 429. Retrying in 0.93 seconds.
2026-03-13 00:35:39,808 - discord.http - WARNING - We are being rate limited. PATCH https://discord.com/api/v10/channels/1475561442647347201/messages/1481336262945144935 responded with 429. Retrying in 2.47 seconds.
2026-03-13 00:40:39,305 - discord.http - WARNING - We are being rate limited. PATCH https://discord.com/api/v10/channels/1475561442647347201/messages/1481336262945144935 responded with 429. Retrying in 2.44 seconds.
2026-03-13 00:45:39,399 - discord.http - WARNING - We are being rate limited. PATCH https://discord.com/api/v10/channels/1475561442647347201/messages/1481336262945144935 responded with 429. Retrying in 2.34 seconds.
2026-03-13 00:50:39,532 - discord.http - WARNING - We are being rate limited. PATCH https://discord.com/api/v10/channels/1475561442647347201/messages/1481336262945144935 responded with 429. Retrying in 2.30 seconds.
2026-03-13 00:55:39,582 - discord.http - WARNING - We are being rate limited. PATCH https://discord.com/api/v10/channels/1475561442647347201/messages/1481336262945144935 responded with 429. Retrying in 2.23 seconds.
2026-03-13 00:58:45,802 - discord.gateway - INFO - Shard ID None has successfully RESUMED session 7f99bf5103d788c642fe495eb94e0bd3.
2026-03-13 01:00:39,755 - discord.http - WARNING - We are being rate limited. PATCH https://discord.com/api/v10/channels/1475561442647347201/messages/1481336262945144935 responded with 429. Retrying in 2.08 seconds.
2026-03-13 01:05:39,328 - discord.http - WARNING - We are being rate limited. PATCH https://discord.com/api/v10/channels/1475561442647347201/messages/1481336262945144935 responded with 429. Retrying in 2.33 seconds.
2026-03-13 01:10:39,139 - discord.http - WARNING - We are being rate limited. PATCH https://discord.com/api/v10/channels/1475561442647347201/messages/1481336262945144935 responded with 429. Retrying in 2.53 seconds.
2026-03-13 01:15:39,545 - discord.http - WARNING - We are being rate limited. PATCH https://discord.com/api/v10/channels/1475561442647347201/messages/1481336262945144935 responded with 429. Retrying in 2.14 seconds.
2026-03-13 01:17:25,634 - discord.gateway - INFO - Shard ID None has successfully RESUMED session 7f99bf5103d788c642fe495eb94e0bd3.
2026-03-13 01:20:39,251 - discord.http - WARNING - We are being rate limited. PATCH https://discord.com/api/v10/channels/1475561442647347201/messages/1481336262945144935 responded with 429. Retrying in 2.46 seconds.
2026-03-13 01:25:39,220 - discord.http - WARNING - We are being rate limited. PATCH https://discord.com/api/v10/channels/1475561442647347201/messages/1481336262945144935 responded with 429. Retrying in 2.50 seconds.
2026-03-13 01:30:39,740 - discord.http - WARNING - We are being rate limited. PATCH https://discord.com/api/v10/channels/1475561442647347201/messages/1481336262945144935 responded with 429. Retrying in 2.11 seconds.
2026-03-13 01:35:39,372 - discord.http - WARNING - We are being rate limited. PATCH https://discord.com/api/v10/channels/1475561442647347201/messages/1481336262945144935 responded with 429. Retrying in 2.30 seconds.
2026-03-13 01:40:39,571 - discord.http - WARNING - We are being rate limited. PATCH https://discord.com/api/v10/channels/1475561442647347201/messages/1481336262945144935 responded with 429. Retrying in 2.33 seconds.
2026-03-13 01:45:40,223 - discord.http - WARNING - We are being rate limited. PATCH https://discord.com/api/v10/channels/1475561442647347201/messages/1481336262945144935 responded with 429. Retrying in 2.01 seconds.
2026-03-13 01:50:39,403 - discord.http - WARNING - We are being rate limited. PATCH https://discord.com/api/v10/channels/1475561442647347201/messages/1481336262945144935 responded with 429. Retrying in 2.31 seconds.
2026-03-13 01:55:40,660 - discord.http - WARNING - We are being rate limited. PATCH https://discord.com/api/v10/channels/1475561442647347201/messages/1481336262945144935 responded with 429. Retrying in 1.09 seconds.
2026-03-13 02:05:39,533 - discord.http - WARNING - We are being rate limited. PATCH https://discord.com/api/v10/channels/1475561442647347201/messages/1481336262945144935 responded with 429. Retrying in 2.34 seconds.
2026-03-13 02:10:39,285 - discord.http - WARNING - We are being rate limited. PATCH https://discord.com/api/v10/channels/1475561442647347201/messages/1481336262945144935 responded with 429. Retrying in 2.50 seconds.
2026-03-13 02:15:38,954 - discord.http - WARNING - We are being rate limited. PATCH https://discord.com/api/v10/channels/1475561442647347201/messages/1481336262945144935 responded with 429. Retrying in 2.46 seconds.
2026-03-13 02:20:39,256 - discord.http - WARNING - We are being rate limited. PATCH https://discord.com/api/v10/channels/1475561442647347201/messages/1481336262945144935 responded with 429. Retrying in 2.20 seconds.
2026-03-13 02:25:39,375 - discord.http - WARNING - We are being rate limited. PATCH https://discord.com/api/v10/channels/1475561442647347201/messages/1481336262945144935 responded with 429. Retrying in 2.45 seconds.
2026-03-13 02:30:38,928 - discord.http - WARNING - We are being rate limited. PATCH https://discord.com/api/v10/channels/1475561442647347201/messages/1481336262945144935 responded with 429. Retrying in 2.46 seconds.
2026-03-13 02:35:39,342 - discord.http - WARNING - We are being rate limited. PATCH https://discord.com/api/v10/channels/1475561442647347201/messages/1481336262945144935 responded with 429. Retrying in 2.10 seconds.
2026-03-13 02:40:39,322 - discord.http - WARNING - We are being rate limited. PATCH https://discord.com/api/v10/channels/1475561442647347201/messages/1481336262945144935 responded with 429. Retrying in 2.07 seconds.
2026-03-13 02:45:39,391 - discord.http - WARNING - We are being rate limited. PATCH https://discord.com/api/v10/channels/1475561442647347201/messages/1481336262945144935 responded with 429. Retrying in 2.37 seconds.
2026-03-13 02:50:39,369 - discord.http - WARNING - We are being rate limited. PATCH https://discord.com/api/v10/channels/1475561442647347201/messages/1481336262945144935 responded with 429. Retrying in 2.40 seconds.
2026-03-13 02:55:40,223 - discord.http - WARNING - We are being rate limited. PATCH https://discord.com/api/v10/channels/1475561442647347201/messages/1481336262945144935 responded with 429. Retrying in 1.82 seconds.
2026-03-13 02:58:49,249 - discord.gateway - INFO - Shard ID None has successfully RESUMED session 7f99bf5103d788c642fe495eb94e0bd3.
2026-03-13 03:00:42,122 - discord.http - WARNING - We are being rate limited. PATCH https://discord.com/api/v10/channels/1475561442647347201/messages/1481336262945144935 responded with 429. Retrying in 1.42 seconds.
2026-03-13 03:05:39,890 - discord.http - WARNING - We are being rate limited. PATCH https://discord.com/api/v10/channels/1475561442647347201/messages/1481336262945144935 responded with 429. Retrying in 1.92 seconds.
2026-03-13 03:10:39,400 - discord.http - WARNING - We are being rate limited. PATCH https://discord.com/api/v10/channels/1475561442647347201/messages/1481336262945144935 responded with 429. Retrying in 2.42 seconds.
2026-03-13 03:15:39,625 - discord.http - WARNING - We are being rate limited. PATCH https://discord.com/api/v10/channels/1475561442647347201/messages/1481336262945144935 responded with 429. Retrying in 2.38 seconds.
2026-03-13 03:20:39,789 - discord.http - WARNING - We are being rate limited. PATCH https://discord.com/api/v10/channels/1475561442647347201/messages/1481336262945144935 responded with 429. Retrying in 2.24 seconds.
2026-03-13 03:25:39,635 - discord.http - WARNING - We are being rate limited. PATCH https://discord.com/api/v10/channels/1475561442647347201/messages/1481336262945144935 responded with 429. Retrying in 2.14 seconds.
2026-03-13 03:30:39,343 - discord.http - WARNING - We are being rate limited. PATCH https://discord.com/api/v10/channels/1475561442647347201/messages/1481336262945144935 responded with 429. Retrying in 2.48 seconds.
2026-03-13 03:35:39,505 - discord.http - WARNING - We are being rate limited. PATCH https://discord.com/api/v10/channels/1475561442647347201/messages/1481336262945144935 responded with 429. Retrying in 2.25 seconds.
2026-03-13 03:40:39,409 - discord.http - WARNING - We are being rate limited. PATCH https://discord.com/api/v10/channels/1475561442647347201/messages/1481336262945144935 responded with 429. Retrying in 2.40 seconds.
2026-03-13 03:45:39,843 - discord.http - WARNING - We are being rate limited. PATCH https://discord.com/api/v10/channels/1475561442647347201/messages/1481336262945144935 responded with 429. Retrying in 2.00 seconds.
2026-03-13 03:50:39,669 - discord.http - WARNING - We are being rate limited. PATCH https://discord.com/api/v10/channels/1475561442647347201/messages/1481336262945144935 responded with 429. Retrying in 2.44 seconds.
2026-03-13 03:55:39,767 - discord.http - WARNING - We are being rate limited. PATCH https://discord.com/api/v10/channels/1475561442647347201/messages/1481336262945144935 responded with 429. Retrying in 2.33 seconds.
2026-03-13 04:00:26,267 - DkatanaBot - INFO - 🔄 Memulakan proses restart...
2026-03-13 04:00:40,451 - discord.http - WARNING - We are being rate limited. PATCH https://discord.com/api/v10/channels/1475561442647347201/messages/1481336262945144935 responded with 429. Retrying in 1.70 seconds.
2026-03-13 04:00:57,033 - DkatanaBot - INFO - 🔄 Restarting bot (Bot-Hosting.net mode)...
2026-03-13 04:00:57,036 - DkatanaBot - INFO - 👋 Exiting process untuk restart...
2026-03-13 04:01:01,298 - discord.client - WARNING - PyNaCl is not installed, voice will NOT be supported
2026-03-13 04:01:01,298 - discord.client - WARNING - davey is not installed, voice will NOT be supported
2026-03-13 04:01:01,298 - discord.client - INFO - logging in using static token
2026-03-13 04:01:03,335 - DkatanaBot - INFO - 🚀 Memuatkan cogs...
2026-03-13 04:01:06,533 - DkatanaBot - INFO - ✅ MongoDB connected
2026-03-13 04:01:06,533 - DkatanaBot - INFO - ✅ cogs.database dimuatkan
2026-03-13 04:01:06,534 - DkatanaBot - INFO - ✅ cogs.attendance dimuatkan
2026-03-13 04:01:06,536 - DkatanaBot - INFO - ✅ cogs.leave_system dimuatkan
2026-03-13 04:01:06,537 - DkatanaBot - INFO - ✅ cogs.leaderboard dimuatkan
2026-03-13 04:01:06,542 - DkatanaBot - INFO - ✅ cogs.admin_panel dimuatkan
2026-03-13 04:01:06,544 - DkatanaBot - INFO - ✅ cogs.kutipan dimuatkan
2026-03-13 04:01:06,545 - DkatanaBot - INFO - ✅ cogs.voice_manager dimuatkan
2026-03-13 04:01:06,546 - DkatanaBot - INFO - ✅ cogs.anti_spam dimuatkan
2026-03-13 04:01:06,547 - DkatanaBot - INFO - ✅ cogs.logger dimuatkan
2026-03-13 04:01:06,548 - DkatanaBot - INFO - ✅ cogs.scheduler dimuatkan
2026-03-13 04:01:06,716 - DkatanaBot - INFO - ✅ 0 command(s) disync
2026-03-13 04:01:07,303 - discord.gateway - INFO - Shard ID None has connected to Gateway (Session ID: d5fefaba61392daf42ea6f9ede0e2059).
2026-03-13 04:01:09,316 - DkatanaBot - INFO - 🤖 𝐃𝐊𝐒𝐲𝐬𝐭𝐞𝐦 ᴮᴼᵀ sudah online!
2026-03-13 04:01:09,316 - DkatanaBot - INFO - 🆔 Bot ID: 1471155589508759775
2026-03-13 04:01:09,316 - DkatanaBot - INFO - 🌐 Berada di 1 server
2026-03-13 04:01:09,316 - DkatanaBot - INFO - 📝 Melaksanakan auto-setup...
2026-03-13 04:01:09,328 - DkatanaBot - INFO - 🧹 Membersihkan data lama...
2026-03-13 04:01:10,456 - DkatanaBot - INFO - 🗑️ 0 data lama dipadam
2026-03-13 04:01:13,256 - DkatanaBot - INFO - ℹ️ Attendance message sedia ada direfresh di ╠➣📝├ᴋᴇʜᴀᴅɪʀᴀɴ・ᴬᵘᵗᵒ
2026-03-13 04:01:14,653 - DkatanaBot - INFO - 🗑️ 1 mesej lama dipadam dari admin panel channel
2026-03-13 04:01:17,040 - DkatanaBot - INFO - ✅ Admin panel dihantar ke 『⚙️』ꜱᴇᴛᴜᴘ-ᴘᴀɴᴇʟ
2026-03-13 04:01:19,482 - DkatanaBot - INFO - ✅ Leaderboard kutipan dikemaskini (auto-setup)
2026-03-13 04:01:19,482 - DkatanaBot - INFO - ✅ Auto-setup selesai!
2026-03-13 04:01:25,684 - discord.http - WARNING - We are being rate limited. PATCH https://discord.com/api/v10/channels/1475561442647347201/messages/1481336262945144935 responded with 429. Retrying in 1.50 seconds.
2026-03-13 04:01:39,527 - DkatanaBot - INFO - Leaderboard kutipan dikemaskini (startup)
2026-03-13 04:06:22,848 - discord.http - WARNING - We are being rate limited. PATCH https://discord.com/api/v10/channels/1475561442647347201/messages/1481336262945144935 responded with 429. Retrying in 2.41 seconds.
2026-03-13 04:11:22,884 - discord.http - WARNING - We are being rate limited. PATCH https://discord.com/api/v10/channels/1475561442647347201/messages/1481336262945144935 responded with 429. Retrying in 2.28 seconds.
2026-03-13 04:16:22,751 - discord.http - WARNING - We are being rate limited. PATCH https://discord.com/api/v10/channels/1475561442647347201/messages/1481336262945144935 responded with 429. Retrying in 2.50 seconds.
2026-03-13 04:21:22,860 - discord.http - WARNING - We are being rate limited. PATCH https://discord.com/api/v10/channels/1475561442647347201/messages/1481336262945144935 responded with 429. Retrying in 2.32 seconds.
2026-03-13 04:26:23,424 - discord.http - WARNING - We are being rate limited. PATCH https://discord.com/api/v10/channels/1475561442647347201/messages/1481336262945144935 responded with 429. Retrying in 1.90 seconds.
2026-03-13 04:31:22,848 - discord.http - WARNING - We are being rate limited. PATCH https://discord.com/api/v10/channels/1475561442647347201/messages/1481336262945144935 responded with 429. Retrying in 2.47 seconds.
2026-03-13 04:36:22,626 - discord.http - WARNING - We are being rate limited. PATCH https://discord.com/api/v10/channels/1475561442647347201/messages/1481336262945144935 responded with 429. Retrying in 2.52 seconds.
2026-03-13 04:41:22,875 - discord.http - WARNING - We are being rate limited. PATCH https://discord.com/api/v10/channels/1475561442647347201/messages/1481336262945144935 responded with 429. Retrying in 2.31 seconds.
2026-03-13 04:46:22,690 - discord.http - WARNING - We are being rate limited. PATCH https://discord.com/api/v10/channels/1475561442647347201/messages/1481336262945144935 responded with 429. Retrying in 2.42 seconds.
2026-03-13 04:51:22,919 - discord.http - WARNING - We are being rate limited. PATCH https://discord.com/api/v10/channels/1475561442647347201/messages/1481336262945144935 responded with 429. Retrying in 2.29 seconds.
2026-03-13 04:56:22,691 - discord.http - WARNING - We are being rate limited. PATCH https://discord.com/api/v10/channels/1475561442647347201/messages/1481336262945144935 responded with 429. Retrying in 2.37 seconds.
2026-03-13 05:01:23,246 - discord.http - WARNING - We are being rate limited. PATCH https://discord.com/api/v10/channels/1475561442647347201/messages/1481336262945144935 responded with 429. Retrying in 2.24 seconds.
2026-03-13 05:06:23,484 - discord.http - WARNING - We are being rate limited. PATCH https://discord.com/api/v10/channels/1475561442647347201/messages/1481336262945144935 responded with 429. Retrying in 2.31 seconds.
2026-03-13 05:11:23,206 - discord.http - WARNING - We are being rate limited. PATCH https://discord.com/api/v10/channels/1475561442647347201/messages/1481336262945144935 responded with 429. Retrying in 2.52 seconds.
2026-03-13 05:16:23,362 - discord.http - WARNING - We are being rate limited. PATCH https://discord.com/api/v10/channels/1475561442647347201/messages/1481336262945144935 responded with 429. Retrying in 2.15 seconds.
2026-03-13 05:21:23,534 - discord.http - WARNING - We are being rate limited. PATCH https://discord.com/api/v10/channels/1475561442647347201/messages/1481336262945144935 responded with 429. Retrying in 2.12 seconds.
2026-03-13 05:26:23,063 - discord.http - WARNING - We are being rate limited. PATCH https://discord.com/api/v10/channels/1475561442647347201/messages/1481336262945144935 responded with 429. Retrying in 2.45 seconds.
2026-03-13 05:31:22,894 - discord.http - WARNING - We are being rate limited. PATCH https://discord.com/api/v10/channels/1475561442647347201/messages/1481336262945144935 responded with 429. Retrying in 1.86 seconds.
2026-03-13 05:36:22,655 - discord.http - WARNING - We are being rate limited. PATCH https://discord.com/api/v10/channels/1475561442647347201/messages/1481336262945144935 responded with 429. Retrying in 2.46 seconds.
2026-03-13 05:41:22,626 - discord.http - WARNING - We are being rate limited. PATCH https://discord.com/api/v10/channels/1475561442647347201/messages/1481336262945144935 responded with 429. Retrying in 2.48 seconds.
2026-03-13 05:46:22,809 - discord.http - WARNING - We are being rate limited. PATCH https://discord.com/api/v10/channels/1475561442647347201/messages/1481336262945144935 responded with 429. Retrying in 2.37 seconds.
2026-03-13 05:51:22,931 - discord.http - WARNING - We are being rate limited. PATCH https://discord.com/api/v10/channels/1475561442647347201/messages/1481336262945144935 responded with 429. Retrying in 2.16 seconds.
2026-03-13 05:56:22,835 - discord.http - WARNING - We are being rate limited. PATCH https://discord.com/api/v10/channels/1475561442647347201/messages/1481336262945144935 responded with 429. Retrying in 2.47 seconds.
2026-03-13 06:01:22,270 - discord.http - WARNING - We are being rate limited. PATCH https://discord.com/api/v10/channels/1475561442647347201/messages/1481336262945144935 responded with 429. Retrying in 2.32 seconds.
2026-03-13 06:06:22,181 - discord.http - WARNING - We are being rate limited. PATCH https://discord.com/api/v10/channels/1475561442647347201/messages/1481336262945144935 responded with 429. Retrying in 2.38 seconds.
2026-03-13 06:11:22,421 - discord.http - WARNING - We are being rate limited. PATCH https://discord.com/api/v10/channels/1475561442647347201/messages/1481336262945144935 responded with 429. Retrying in 2.33 seconds.
2026-03-13 06:16:23,068 - discord.http - WARNING - We are being rate limited. PATCH https://discord.com/api/v10/channels/1475561442647347201/messages/1481336262945144935 responded with 429. Retrying in 2.09 seconds.
2026-03-13 06:21:22,744 - discord.http - WARNING - We are being rate limited. PATCH https://discord.com/api/v10/channels/1475561442647347201/messages/1481336262945144935 responded with 429. Retrying in 2.39 seconds.
2026-03-13 06:26:22,821 - discord.http - WARNING - We are being rate limited. PATCH https://discord.com/api/v10/channels/1475561442647347201/messages/1481336262945144935 responded with 429. Retrying in 2.33 seconds.
2026-03-13 06:31:23,019 - discord.http - WARNING - We are being rate limited. PATCH https://discord.com/api/v10/channels/1475561442647347201/messages/1481336262945144935 responded with 429. Retrying in 2.12 seconds.
2026-03-13 06:36:23,046 - discord.http - WARNING - We are being rate limited. PATCH https://discord.com/api/v10/channels/1475561442647347201/messages/1481336262945144935 responded with 429. Retrying in 2.14 seconds.
2026-03-13 06:41:23,031 - discord.http - WARNING - We are being rate limited. PATCH https://discord.com/api/v10/channels/1475561442647347201/messages/1481336262945144935 responded with 429. Retrying in 2.15 seconds.
2026-03-13 06:46:22,666 - discord.http - WARNING - We are being rate limited. PATCH https://discord.com/api/v10/channels/1475561442647347201/messages/1481336262945144935 responded with 429. Retrying in 2.46 seconds.
2026-03-13 06:51:22,715 - discord.http - WARNING - We are being rate limited. PATCH https://discord.com/api/v10/channels/1475561442647347201/messages/1481336262945144935 responded with 429. Retrying in 2.45 seconds.
2026-03-13 06:56:22,637 - discord.http - WARNING - We are being rate limited. PATCH https://discord.com/api/v10/channels/1475561442647347201/messages/1481336262945144935 responded with 429. Retrying in 2.49 seconds.
2026-03-13 07:01:24,552 - discord.http - WARNING - We are being rate limited. PATCH https://discord.com/api/v10/channels/1475561442647347201/messages/1481336262945144935 responded with 429. Retrying in 0.75 seconds.
2026-03-13 07:06:22,892 - discord.http - WARNING - We are being rate limited. PATCH https://discord.com/api/v10/channels/1475561442647347201/messages/1481336262945144935 responded with 429. Retrying in 2.19 seconds.
2026-03-13 07:11:22,860 - discord.http - WARNING - We are being rate limited. PATCH https://discord.com/api/v10/channels/1475561442647347201/messages/1481336262945144935 responded with 429. Retrying in 2.28 seconds.
2026-03-13 07:16:23,438 - discord.http - WARNING - We are being rate limited. PATCH https://discord.com/api/v10/channels/1475561442647347201/messages/1481336262945144935 responded with 429. Retrying in 1.90 seconds.
2026-03-13 07:21:22,600 - discord.http - WARNING - We are being rate limited. PATCH https://discord.com/api/v10/channels/1475561442647347201/messages/1481336262945144935 responded with 429. Retrying in 2.52 seconds.
2026-03-13 07:26:22,733 - discord.http - WARNING - We are being rate limited. PATCH https://discord.com/api/v10/channels/1475561442647347201/messages/1481336262945144935 responded with 429. Retrying in 2.35 seconds.
2026-03-13 07:31:22,874 - discord.http - WARNING - We are being rate limited. PATCH https://discord.com/api/v10/channels/1475561442647347201/messages/1481336262945144935 responded with 429. Retrying in 2.24 seconds.
2026-03-13 07:36:22,666 - discord.http - WARNING - We are being rate limited. PATCH https://discord.com/api/v10/channels/1475561442647347201/messages/1481336262945144935 responded with 429. Retrying in 2.48 seconds.
2026-03-13 07:41:23,057 - discord.http - WARNING - We are being rate limited. PATCH https://discord.com/api/v10/channels/1475561442647347201/messages/1481336262945144935 responded with 429. Retrying in 2.21 seconds.
2026-03-13 07:43:56,429 - discord.gateway - INFO - Shard ID None has successfully RESUMED session d5fefaba61392daf42ea6f9ede0e2059.
2026-03-13 07:46:22,639 - discord.http - WARNING - We are being rate limited. PATCH https://discord.com/api/v10/channels/1475561442647347201/messages/1481336262945144935 responded with 429. Retrying in 2.51 seconds.
2026-03-13 07:51:22,741 - discord.http - WARNING - We are being rate limited. PATCH https://discord.com/api/v10/channels/1475561442647347201/messages/1481336262945144935 responded with 429. Retrying in 2.40 seconds.
2026-03-13 07:56:22,779 - discord.http - WARNING - We are being rate limited. PATCH https://discord.com/api/v10/channels/1475561442647347201/messages/1481336262945144935 responded with 429. Retrying in 2.36 seconds.
2026-03-13 08:01:23,035 - discord.http - WARNING - We are being rate limited. PATCH https://discord.com/api/v10/channels/1475561442647347201/messages/1481336262945144935 responded with 429. Retrying in 2.13 seconds.
2026-03-13 08:06:22,370 - discord.http - WARNING - We are being rate limited. PATCH https://discord.com/api/v10/channels/1475561442647347201/messages/1481336262945144935 responded with 429. Retrying in 2.42 seconds.
2026-03-13 08:11:22,718 - discord.http - WARNING - We are being rate limited. PATCH https://discord.com/api/v10/channels/1475561442647347201/messages/1481336262945144935 responded with 429. Retrying in 2.36 seconds.
2026-03-13 08:16:22,285 - discord.http - WARNING - We are being rate limited. PATCH https://discord.com/api/v10/channels/1475561442647347201/messages/1481336262945144935 responded with 429. Retrying in 2.44 seconds.
2026-03-13 08:21:22,619 - discord.http - WARNING - We are being rate limited. PATCH https://discord.com/api/v10/channels/1475561442647347201/messages/1481336262945144935 responded with 429. Retrying in 2.15 seconds.
2026-03-13 08:24:10,914 - discord.gateway - INFO - Shard ID None has successfully RESUMED session d5fefaba61392daf42ea6f9ede0e2059.
2026-03-13 08:26:22,667 - discord.http - WARNING - We are being rate limited. PATCH https://discord.com/api/v10/channels/1475561442647347201/messages/1481336262945144935 responded with 429. Retrying in 2.16 seconds.
2026-03-13 08:31:21,951 - discord.http - WARNING - We are being rate limited. PATCH https://discord.com/api/v10/channels/1475561442647347201/messages/1481336262945144935 responded with 429. Retrying in 2.46 seconds.
2026-03-13 08:36:22,630 - discord.http - WARNING - We are being rate limited. PATCH https://discord.com/api/v10/channels/1475561442647347201/messages/1481336262945144935 responded with 429. Retrying in 1.75 seconds.
2026-03-13 08:41:21,965 - discord.http - WARNING - We are being rate limited. PATCH https://discord.com/api/v10/channels/1475561442647347201/messages/1481336262945144935 responded with 429. Retrying in 2.46 seconds.
2026-03-13 08:46:22,034 - discord.http - WARNING - We are being rate limited. PATCH https://discord.com/api/v10/channels/1475561442647347201/messages/1481336262945144935 responded with 429. Retrying in 2.41 seconds.
2026-03-13 08:51:22,510 - discord.http - WARNING - We are being rate limited. PATCH https://discord.com/api/v10/channels/1475561442647347201/messages/1481336262945144935 responded with 429. Retrying in 1.89 seconds.
2026-03-13 08:56:22,145 - discord.http - WARNING - We are being rate limited. PATCH https://discord.com/api/v10/channels/1475561442647347201/messages/1481336262945144935 responded with 429. Retrying in 2.46 seconds.
2026-03-13 09:01:22,129 - discord.http - WARNING - We are being rate limited. PATCH https://discord.com/api/v10/channels/1475561442647347201/messages/1481336262945144935 responded with 429. Retrying in 2.38 seconds.
2026-03-13 09:06:22,917 - discord.http - WARNING - We are being rate limited. PATCH https://discord.com/api/v10/channels/1475561442647347201/messages/1481336262945144935 responded with 429. Retrying in 2.09 seconds.
2026-03-13 09:11:23,203 - discord.http - WARNING - We are being rate limited. PATCH https://discord.com/api/v10/channels/1475561442647347201/messages/1481336262945144935 responded with 429. Retrying in 2.17 seconds.
2026-03-13 09:16:22,919 - discord.http - WARNING - We are being rate limited. PATCH https://discord.com/api/v10/channels/1475561442647347201/messages/1481336262945144935 responded with 429. Retrying in 2.23 seconds.
2026-03-13 09:21:23,021 - discord.http - WARNING - We are being rate limited. PATCH https://discord.com/api/v10/channels/1475561442647347201/messages/1481336262945144935 responded with 429. Retrying in 2.28 seconds.
2026-03-13 09:26:22,851 - discord.http - WARNING - We are being rate limited. PATCH https://discord.com/api/v10/channels/1475561442647347201/messages/1481336262945144935 responded with 429. Retrying in 1.77 seconds.
2026-03-13 09:31:22,590 - discord.http - WARNING - We are being rate limited. PATCH https://discord.com/api/v10/channels/1475561442647347201/messages/1481336262945144935 responded with 429. Retrying in 1.96 seconds.
2026-03-13 09:36:22,428 - discord.http - WARNING - We are being rate limited. PATCH https://discord.com/api/v10/channels/1475561442647347201/messages/1481336262945144935 responded with 429. Retrying in 2.23 seconds.
2026-03-13 09:41:22,126 - discord.http - WARNING - We are being rate limited. PATCH https://discord.com/api/v10/channels/1475561442647347201/messages/1481336262945144935 responded with 429. Retrying in 2.36 seconds.
2026-03-13 09:46:23,021 - discord.http - WARNING - We are being rate limited. PATCH https://discord.com/api/v10/channels/1475561442647347201/messages/1481336262945144935 responded with 429. Retrying in 1.97 seconds.
2026-03-13 09:51:22,429 - discord.http - WARNING - We are being rate limited. PATCH https://discord.com/api/v10/channels/1475561442647347201/messages/1481336262945144935 responded with 429. Retrying in 2.23 seconds.
2026-03-13 09:56:22,671 - discord.http - WARNING - We are being rate limited. PATCH https://discord.com/api/v10/channels/1475561442647347201/messages/1481336262945144935 responded with 429. Retrying in 2.02 seconds.
2026-03-13 10:01:22,589 - discord.http - WARNING - We are being rate limited. PATCH https://discord.com/api/v10/channels/1475561442647347201/messages/1481336262945144935 responded with 429. Retrying in 1.99 seconds.
2026-03-13 10:06:22,859 - discord.http - WARNING - We are being rate limited. PATCH https://discord.com/api/v10/channels/1475561442647347201/messages/1481336262945144935 responded with 429. Retrying in 1.83 seconds.
2026-03-13 10:11:22,730 - discord.http - WARNING - We are being rate limited. PATCH https://discord.com/api/v10/channels/1475561442647347201/messages/1481336262945144935 responded with 429. Retrying in 2.16 seconds.
2026-03-13 10:16:23,448 - discord.http - WARNING - We are being rate limited. PATCH https://discord.com/api/v10/channels/1475561442647347201/messages/1481336262945144935 responded with 429. Retrying in 2.11 seconds.
2026-03-13 10:21:23,580 - discord.http - WARNING - We are being rate limited. PATCH https://discord.com/api/v10/channels/1475561442647347201/messages/1481336262945144935 responded with 429. Retrying in 1.99 seconds.
2026-03-13 10:26:22,497 - discord.http - WARNING - We are being rate limited. PATCH https://discord.com/api/v10/channels/1475561442647347201/messages/1481336262945144935 responded with 429. Retrying in 2.33 seconds.
2026-03-13 10:31:22,600 - discord.http - WARNING - We are being rate limited. PATCH https://discord.com/api/v10/channels/1475561442647347201/messages/1481336262945144935 responded with 429. Retrying in 2.26 seconds.
2026-03-13 10:36:22,302 - discord.http - WARNING - We are being rate limited. PATCH https://discord.com/api/v10/channels/1475561442647347201/messages/1481336262945144935 responded with 429. Retrying in 2.46 seconds.
2026-03-13 10:41:22,269 - discord.http - WARNING - We are being rate limited. PATCH https://discord.com/api/v10/channels/1475561442647347201/messages/1481336262945144935 responded with 429. Retrying in 2.46 seconds.
2026-03-13 10:42:35,865 - discord.http - WARNING - We are being rate limited. PATCH https://discord.com/api/v10/channels/1475561442647347201/messages/1481336262945144935 responded with 429. Retrying in 2.42 seconds.
2026-03-13 10:42:52,980 - discord.http - WARNING - We are being rate limited. PATCH https://discord.com/api/v10/channels/1475561442647347201/messages/1481336258100858880 responded with 429. Retrying in 3.31 seconds.
2026-03-13 10:42:57,636 - discord.http - WARNING - We are being rate limited. PATCH https://discord.com/api/v10/channels/1475561442647347201/messages/1481336262945144935 responded with 429. Retrying in 4.65 seconds.
2026-03-13 10:43:16,606 - discord.http - WARNING - We are being rate limited. PATCH https://discord.com/api/v10/channels/1475561442647347201/messages/1481336258100858880 responded with 429. Retrying in 3.68 seconds.
2026-03-13 10:43:21,826 - discord.http - WARNING - We are being rate limited. PATCH https://discord.com/api/v10/channels/1475561442647347201/messages/1481336262945144935 responded with 429. Retrying in 4.46 seconds.
2026-03-13 10:46:22,724 - discord.http - WARNING - We are being rate limited. PATCH https://discord.com/api/v10/channels/1475561442647347201/messages/1481336262945144935 responded with 429. Retrying in 2.28 seconds.
2026-03-13 10:51:22,441 - discord.http - WARNING - We are being rate limited. PATCH https://discord.com/api/v10/channels/1475561442647347201/messages/1481336262945144935 responded with 429. Retrying in 2.40 seconds.
2026-03-13 10:56:23,715 - discord.http - WARNING - We are being rate limited. PATCH https://discord.com/api/v10/channels/1475561442647347201/messages/1481336262945144935 responded with 429. Retrying in 0.74 seconds.
2026-03-13 11:01:22,366 - discord.http - WARNING - We are being rate limited. PATCH https://discord.com/api/v10/channels/1475561442647347201/messages/1481336262945144935 responded with 429. Retrying in 2.33 seconds.
2026-03-13 11:06:22,178 - discord.http - WARNING - We are being rate limited. PATCH https://discord.com/api/v10/channels/1475561442647347201/messages/1481336262945144935 responded with 429. Retrying in 2.39 seconds.
2026-03-13 11:11:22,773 - discord.http - WARNING - We are being rate limited. PATCH https://discord.com/api/v10/channels/1475561442647347201/messages/1481336262945144935 responded with 429. Retrying in 1.99 seconds.
2026-03-13 11:16:22,502 - discord.http - WARNING - We are being rate limited. PATCH https://discord.com/api/v10/channels/1475561442647347201/messages/1481336262945144935 responded with 429. Retrying in 2.19 seconds.
2026-03-13 11:21:22,333 - discord.http - WARNING - We are being rate limited. PATCH https://discord.com/api/v10/channels/1475561442647347201/messages/1481336262945144935 responded with 429. Retrying in 2.40 seconds.
2026-03-13 11:26:22,279 - discord.http - WARNING - We are being rate limited. PATCH https://discord.com/api/v10/channels/1475561442647347201/messages/1481336262945144935 responded with 429. Retrying in 2.39 seconds.
2026-03-13 11:31:22,641 - discord.http - WARNING - We are being rate limited. PATCH https://discord.com/api/v10/channels/1475561442647347201/messages/1481336262945144935 responded with 429. Retrying in 2.35 seconds.
2026-03-13 11:36:23,306 - discord.http - WARNING - We are being rate limited. PATCH https://discord.com/api/v10/channels/1475561442647347201/messages/1481336262945144935 responded with 429. Retrying in 2.02 seconds.
2026-03-13 11:41:22,526 - discord.http - WARNING - We are being rate limited. PATCH https://discord.com/api/v10/channels/1475561442647347201/messages/1481336262945144935 responded with 429. Retrying in 2.10 seconds.
2026-03-13 11:46:22,016 - discord.http - WARNING - We are being rate limited. PATCH https://discord.com/api/v10/channels/1475561442647347201/messages/1481336262945144935 responded with 429. Retrying in 2.53 seconds.
2026-03-13 11:51:22,678 - discord.http - WARNING - We are being rate limited. PATCH https://discord.com/api/v10/channels/1475561442647347201/messages/1481336262945144935 responded with 429. Retrying in 2.38 seconds.
2026-03-13 11:56:22,480 - discord.http - WARNING - We are being rate limited. PATCH https://discord.com/api/v10/channels/1475561442647347201/messages/1481336262945144935 responded with 429. Retrying in 2.28 seconds.
2026-03-13 12:01:23,059 - discord.http - WARNING - We are being rate limited. PATCH https://discord.com/api/v10/channels/1475561442647347201/messages/1481336262945144935 responded with 429. Retrying in 2.20 seconds.
2026-03-13 12:06:23,851 - discord.http - WARNING - We are being rate limited. PATCH https://discord.com/api/v10/channels/1475561442647347201/messages/1481336262945144935 responded with 429. Retrying in 1.72 seconds.
2026-03-13 12:11:23,010 - discord.http - WARNING - We are being rate limited. PATCH https://discord.com/api/v10/channels/1475561442647347201/messages/1481336262945144935 responded with 429. Retrying in 2.38 seconds.
2026-03-13 12:13:22,988 - discord.gateway - INFO - Shard ID None has successfully RESUMED session d5fefaba61392daf42ea6f9ede0e2059.
2026-03-13 12:16:22,716 - discord.http - WARNING - We are being rate limited. PATCH https://discord.com/api/v10/channels/1475561442647347201/messages/1481336262945144935 responded with 429. Retrying in 2.44 seconds.
2026-03-13 12:21:23,079 - discord.http - WARNING - We are being rate limited. PATCH https://discord.com/api/v10/channels/1475561442647347201/messages/1481336262945144935 responded with 429. Retrying in 2.15 seconds.
2026-03-13 12:26:23,041 - discord.http - WARNING - We are being rate limited. PATCH https://discord.com/api/v10/channels/1475561442647347201/messages/1481336262945144935 responded with 429. Retrying in 1.91 seconds.
2026-03-13 12:31:23,425 - discord.http - WARNING - We are being rate limited. PATCH https://discord.com/api/v10/channels/1475561442647347201/messages/1481336262945144935 responded with 429. Retrying in 1.51 seconds.
2026-03-13 12:36:23,169 - discord.http - WARNING - We are being rate limited. PATCH https://discord.com/api/v10/channels/1475561442647347201/messages/1481336262945144935 responded with 429. Retrying in 2.27 seconds.
2026-03-13 12:41:22,956 - discord.http - WARNING - We are being rate limited. PATCH https://discord.com/api/v10/channels/1475561442647347201/messages/1481336262945144935 responded with 429. Retrying in 2.50 seconds.
2026-03-13 12:46:23,183 - discord.http - WARNING - We are being rate limited. PATCH https://discord.com/api/v10/channels/1475561442647347201/messages/1481336262945144935 responded with 429. Retrying in 2.27 seconds.
2026-03-13 13:45:55,299 - discord.gateway - INFO - Shard ID None has successfully RESUMED session d5fefaba61392daf42ea6f9ede0e2059.
2026-03-13 13:56:22,679 - discord.http - WARNING - We are being rate limited. PATCH https://discord.com/api/v10/channels/1475561442647347201/messages/1481967916042948732 responded with 429. Retrying in 2.49 seconds.
2026-03-13 14:01:23,289 - discord.http - WARNING - We are being rate limited. PATCH https://discord.com/api/v10/channels/1475561442647347201/messages/1481967916042948732 responded with 429. Retrying in 2.23 seconds.
2026-03-13 14:06:23,920 - discord.http - WARNING - We are being rate limited. PATCH https://discord.com/api/v10/channels/1475561442647347201/messages/1481967916042948732 responded with 429. Retrying in 0.89 seconds.
2026-03-13 14:09:58,869 - discord.gateway - INFO - Shard ID None has successfully RESUMED session d5fefaba61392daf42ea6f9ede0e2059.
2026-03-13 14:11:22,853 - discord.http - WARNING - We are being rate limited. PATCH https://discord.com/api/v10/channels/1475561442647347201/messages/1481967916042948732 responded with 429. Retrying in 2.08 seconds.
2026-03-13 14:16:23,100 - discord.http - WARNING - We are being rate limited. PATCH https://discord.com/api/v10/channels/1475561442647347201/messages/1481967916042948732 responded with 429. Retrying in 1.75 seconds.
2026-03-13 14:26:22,330 - discord.http - WARNING - We are being rate limited. PATCH https://discord.com/api/v10/channels/1475561442647347201/messages/1481967916042948732 responded with 429. Retrying in 2.49 seconds.
2026-03-13 14:31:22,948 - discord.http - WARNING - We are being rate limited. PATCH https://discord.com/api/v10/channels/1475561442647347201/messages/1481967916042948732 responded with 429. Retrying in 2.20 seconds.
2026-03-13 14:36:22,911 - discord.http - WARNING - We are being rate limited. PATCH https://discord.com/api/v10/channels/1475561442647347201/messages/1481967916042948732 responded with 429. Retrying in 2.25 seconds.
2026-03-13 14:41:22,521 - discord.http - WARNING - We are being rate limited. PATCH https://discord.com/api/v10/channels/1475561442647347201/messages/1481967916042948732 responded with 429. Retrying in 2.37 seconds.
2026-03-13 14:46:22,902 - discord.http - WARNING - We are being rate limited. PATCH https://discord.com/api/v10/channels/1475561442647347201/messages/1481967916042948732 responded with 429. Retrying in 2.01 seconds.
2026-03-13 14:51:22,549 - discord.http - WARNING - We are being rate limited. PATCH https://discord.com/api/v10/channels/1475561442647347201/messages/1481967916042948732 responded with 429. Retrying in 2.42 seconds.
2026-03-13 14:56:22,743 - discord.http - WARNING - We are being rate limited. PATCH https://discord.com/api/v10/channels/1475561442647347201/messages/1481967916042948732 responded with 429. Retrying in 2.16 seconds.
2026-03-13 15:01:23,003 - discord.http - WARNING - We are being rate limited. PATCH https://discord.com/api/v10/channels/1475561442647347201/messages/1481967916042948732 responded with 429. Retrying in 2.02 seconds.
2026-03-13 15:06:22,717 - discord.http - WARNING - We are being rate limited. PATCH https://discord.com/api/v10/channels/1475561442647347201/messages/1481967916042948732 responded with 429. Retrying in 2.16 seconds.
2026-03-13 15:11:22,724 - discord.http - WARNING - We are being rate limited. PATCH https://discord.com/api/v10/channels/1475561442647347201/messages/1481967916042948732 responded with 429. Retrying in 2.34 seconds.
2026-03-13 15:11:38,674 - discord.http - WARNING - We are being rate limited. PATCH https://discord.com/api/v10/channels/1475561442647347201/messages/1481967908572762225 responded with 429. Retrying in 4.40 seconds.
2026-03-13 15:11:44,472 - discord.http - WARNING - We are being rate limited. PATCH https://discord.com/api/v10/channels/1475561442647347201/messages/1481967916042948732 responded with 429. Retrying in 4.59 seconds.
2026-03-13 15:16:22,978 - discord.http - WARNING - We are being rate limited. PATCH https://discord.com/api/v10/channels/1475561442647347201/messages/1481967916042948732 responded with 429. Retrying in 2.43 seconds.
2026-03-13 15:21:23,058 - discord.http - WARNING - We are being rate limited. PATCH https://discord.com/api/v10/channels/1475561442647347201/messages/1481967916042948732 responded with 429. Retrying in 2.41 seconds.
2026-03-13 15:26:23,312 - discord.http - WARNING - We are being rate limited. PATCH https://discord.com/api/v10/channels/1475561442647347201/messages/1481967916042948732 responded with 429. Retrying in 2.44 seconds.
2026-03-13 15:31:22,341 - discord.http - WARNING - We are being rate limited. PATCH https://discord.com/api/v10/channels/1475561442647347201/messages/1481967916042948732 responded with 429. Retrying in 2.37 seconds.
2026-03-13 15:36:23,044 - discord.http - WARNING - We are being rate limited. PATCH https://discord.com/api/v10/channels/1475561442647347201/messages/1481967916042948732 responded with 429. Retrying in 2.15 seconds.
2026-03-13 15:41:22,967 - discord.http - WARNING - We are being rate limited. PATCH https://discord.com/api/v10/channels/1475561442647347201/messages/1481967916042948732 responded with 429. Retrying in 2.24 seconds.
2026-03-13 15:46:22,556 - discord.http - WARNING - We are being rate limited. PATCH https://discord.com/api/v10/channels/1475561442647347201/messages/1481967916042948732 responded with 429. Retrying in 2.32 seconds.
2026-03-13 15:51:22,921 - discord.http - WARNING - We are being rate limited. PATCH https://discord.com/api/v10/channels/1475561442647347201/messages/1481967916042948732 responded with 429. Retrying in 2.31 seconds.
2026-03-13 15:56:23,344 - discord.http - WARNING - We are being rate limited. PATCH https://discord.com/api/v10/channels/1475561442647347201/messages/1481967916042948732 responded with 429. Retrying in 1.94 seconds.
2026-03-13 16:01:24,011 - discord.http - WARNING - We are being rate limited. PATCH https://discord.com/api/v10/channels/1475561442647347201/messages/1481967916042948732 responded with 429. Retrying in 1.27 seconds.
2026-03-13 16:06:23,103 - discord.http - WARNING - We are being rate limited. PATCH https://discord.com/api/v10/channels/1475561442647347201/messages/1481967916042948732 responded with 429. Retrying in 2.19 seconds.
2026-03-13 16:11:23,601 - discord.http - WARNING - We are being rate limited. PATCH https://discord.com/api/v10/channels/1475561442647347201/messages/1481967916042948732 responded with 429. Retrying in 2.12 seconds.
2026-03-13 16:16:22,364 - discord.http - WARNING - We are being rate limited. PATCH https://discord.com/api/v10/channels/1475561442647347201/messages/1481967916042948732 responded with 429. Retrying in 2.32 seconds.
2026-03-13 16:21:22,427 - discord.http - WARNING - We are being rate limited. PATCH https://discord.com/api/v10/channels/1475561442647347201/messages/1481967916042948732 responded with 429. Retrying in 2.28 seconds.
2026-03-13 16:26:22,331 - discord.http - WARNING - We are being rate limited. PATCH https://discord.com/api/v10/channels/1475561442647347201/messages/1481967916042948732 responded with 429. Retrying in 2.33 seconds.
2026-03-13 16:30:31,124 - discord.http - WARNING - We are being rate limited. PATCH https://discord.com/api/v10/channels/1475561442647347201/messages/1481967916042948732 responded with 429. Retrying in 1.29 seconds.
2026-03-13 16:31:22,396 - discord.http - WARNING - We are being rate limited. PATCH https://discord.com/api/v10/channels/1475561442647347201/messages/1481967916042948732 responded with 429. Retrying in 2.32 seconds.
2026-03-13 16:36:22,439 - discord.http - WARNING - We are being rate limited. PATCH https://discord.com/api/v10/channels/1475561442647347201/messages/1481967916042948732 responded with 429. Retrying in 2.18 seconds.
2026-03-13 16:41:22,627 - discord.http - WARNING - We are being rate limited. PATCH https://discord.com/api/v10/channels/1475561442647347201/messages/1481967916042948732 responded with 429. Retrying in 2.36 seconds.
2026-03-13 16:43:27,465 - discord.http - WARNING - We are being rate limited. PATCH https://discord.com/api/v10/channels/1475561442647347201/messages/1481967916042948732 responded with 429. Retrying in 1.81 seconds.
2026-03-13 16:46:23,425 - discord.http - WARNING - We are being rate limited. PATCH https://discord.com/api/v10/channels/1475561442647347201/messages/1481967916042948732 responded with 429. Retrying in 2.17 seconds.
2026-03-13 16:51:23,271 - discord.http - WARNING - We are being rate limited. PATCH https://discord.com/api/v10/channels/1475561442647347201/messages/1481967916042948732 responded with 429. Retrying in 2.29 seconds.
2026-03-13 16:56:23,213 - discord.http - WARNING - We are being rate limited. PATCH https://discord.com/api/v10/channels/1475561442647347201/messages/1481967916042948732 responded with 429. Retrying in 2.43 seconds.
2026-03-13 16:57:53,578 - discord.gateway - INFO - Shard ID None has successfully RESUMED session d5fefaba61392daf42ea6f9ede0e2059.
2026-03-13 17:01:23,884 - discord.http - WARNING - We are being rate limited. PATCH https://discord.com/api/v10/channels/1475561442647347201/messages/1481967916042948732 responded with 429. Retrying in 1.64 seconds.
2026-03-13 17:04:33,799 - discord.http - WARNING - We are being rate limited. PATCH https://discord.com/api/v10/channels/1475561442647347201/messages/1481967916042948732 responded with 429. Retrying in 2.24 seconds.
2026-03-13 17:04:51,675 - discord.http - WARNING - We are being rate limited. PATCH https://discord.com/api/v10/channels/1475561442647347201/messages/1481967908572762225 responded with 429. Retrying in 2.34 seconds.
2026-03-13 17:04:55,379 - discord.http - WARNING - We are being rate limited. PATCH https://discord.com/api/v10/channels/1475561442647347201/messages/1481967916042948732 responded with 429. Retrying in 4.63 seconds.
2026-03-13 17:05:16,961 - discord.http - WARNING - We are being rate limited. PATCH https://discord.com/api/v10/channels/1475561442647347201/messages/1481967908572762225 responded with 429. Retrying in 1.05 seconds.
2026-03-13 17:05:20,111 - discord.http - WARNING - We are being rate limited. PATCH https://discord.com/api/v10/channels/1475561442647347201/messages/1481967916042948732 responded with 429. Retrying in 4.48 seconds.
2026-03-13 17:05:41,258 - discord.http - WARNING - We are being rate limited. PATCH https://discord.com/api/v10/channels/1475561442647347201/messages/1481967908572762225 responded with 429. Retrying in 0.76 seconds.
2026-03-13 17:05:43,361 - discord.http - WARNING - We are being rate limited. PATCH https://discord.com/api/v10/channels/1475561442647347201/messages/1481967916042948732 responded with 429. Retrying in 4.66 seconds.
2026-03-13 17:06:03,172 - discord.http - WARNING - We are being rate limited. PATCH https://discord.com/api/v10/channels/1475561442647347201/messages/1481967908572762225 responded with 429. Retrying in 2.84 seconds.
2026-03-13 17:06:07,490 - discord.http - WARNING - We are being rate limited. PATCH https://discord.com/api/v10/channels/1475561442647347201/messages/1481967916042948732 responded with 429. Retrying in 4.53 seconds.
2026-03-13 17:06:26,281 - discord.http - WARNING - We are being rate limited. PATCH https://discord.com/api/v10/channels/1475561442647347201/messages/1481967908572762225 responded with 429. Retrying in 3.74 seconds.
2026-03-13 17:06:31,503 - discord.http - WARNING - We are being rate limited. PATCH https://discord.com/api/v10/channels/1475561442647347201/messages/1481967916042948732 responded with 429. Retrying in 4.51 seconds.
2026-03-13 17:06:52,131 - discord.http - WARNING - We are being rate limited. PATCH https://discord.com/api/v10/channels/1475561442647347201/messages/1481967908572762225 responded with 429. Retrying in 1.88 seconds.
2026-03-13 17:06:55,516 - discord.http - WARNING - We are being rate limited. PATCH https://discord.com/api/v10/channels/1475561442647347201/messages/1481967916042948732 responded with 429. Retrying in 4.51 seconds.
2026-03-13 17:07:15,338 - discord.http - WARNING - We are being rate limited. PATCH https://discord.com/api/v10/channels/1475561442647347201/messages/1481967908572762225 responded with 429. Retrying in 2.68 seconds.
2026-03-13 17:07:19,496 - discord.http - WARNING - We are being rate limited. PATCH https://discord.com/api/v10/channels/1475561442647347201/messages/1481967916042948732 responded with 429. Retrying in 4.52 seconds.
2026-03-13 17:11:23,828 - discord.http - WARNING - We are being rate limited. PATCH https://discord.com/api/v10/channels/1475561442647347201/messages/1481967916042948732 responded with 429. Retrying in 1.77 seconds.
2026-03-13 17:12:56,827 - discord.http - WARNING - We are being rate limited. PATCH https://discord.com/api/v10/channels/1475561442647347201/messages/1481967916042948732 responded with 429. Retrying in 2.17 seconds.
2026-03-13 17:16:22,736 - discord.http - WARNING - We are being rate limited. PATCH https://discord.com/api/v10/channels/1475561442647347201/messages/1481967916042948732 responded with 429. Retrying in 2.27 seconds.
2026-03-13 17:21:23,155 - discord.http - WARNING - We are being rate limited. PATCH https://discord.com/api/v10/channels/1475561442647347201/messages/1481967916042948732 responded with 429. Retrying in 2.15 seconds.
2026-03-13 17:26:22,779 - discord.http - WARNING - We are being rate limited. PATCH https://discord.com/api/v10/channels/1475561442647347201/messages/1481967916042948732 responded with 429. Retrying in 2.22 seconds.
2026-03-13 17:31:22,625 - discord.http - WARNING - We are being rate limited. PATCH https://discord.com/api/v10/channels/1475561442647347201/messages/1481967916042948732 responded with 429. Retrying in 2.38 seconds.
2026-03-13 17:34:38,255 - discord.http - WARNING - We are being rate limited. PATCH https://discord.com/api/v10/channels/1475561442647347201/messages/1481967916042948732 responded with 429. Retrying in 2.17 seconds.
2026-03-13 17:36:24,423 - discord.http - WARNING - We are being rate limited. PATCH https://discord.com/api/v10/channels/1475561442647347201/messages/1481967916042948732 responded with 429. Retrying in 0.54 seconds.
2026-03-13 17:38:56,776 - discord.http - WARNING - We are being rate limited. PATCH https://discord.com/api/v10/channels/1475561442647347201/messages/1481967916042948732 responded with 429. Retrying in 2.02 seconds.
2026-03-13 17:41:23,206 - discord.http - WARNING - We are being rate limited. PATCH https://discord.com/api/v10/channels/1475561442647347201/messages/1481967916042948732 responded with 429. Retrying in 1.98 seconds.
2026-03-13 17:42:01,518 - discord.http - WARNING - We are being rate limited. PATCH https://discord.com/api/v10/channels/1475561442647347201/messages/1481967916042948732 responded with 429. Retrying in 1.81 seconds.
2026-03-13 17:42:18,285 - discord.http - WARNING - We are being rate limited. PATCH https://discord.com/api/v10/channels/1475561442647347201/messages/1481967908572762225 responded with 429. Retrying in 3.05 seconds.
2026-03-13 17:42:23,068 - discord.http - WARNING - We are being rate limited. PATCH https://discord.com/api/v10/channels/1475561442647347201/messages/1481967916042948732 responded with 429. Retrying in 4.26 seconds.
2026-03-13 17:42:43,719 - discord.http - WARNING - We are being rate limited. PATCH https://discord.com/api/v10/channels/1475561442647347201/messages/1481967908572762225 responded with 429. Retrying in 1.63 seconds.
2026-03-13 17:42:47,211 - discord.http - WARNING - We are being rate limited. PATCH https://discord.com/api/v10/channels/1475561442647347201/messages/1481967916042948732 responded with 429. Retrying in 4.14 seconds.
2026-03-13 17:46:22,283 - discord.http - WARNING - We are being rate limited. PATCH https://discord.com/api/v10/channels/1475561442647347201/messages/1481967916042948732 responded with 429. Retrying in 2.17 seconds.
2026-03-13 17:51:22,346 - discord.http - WARNING - We are being rate limited. PATCH https://discord.com/api/v10/channels/1475561442647347201/messages/1481967916042948732 responded with 429. Retrying in 2.20 seconds.
2026-03-13 17:56:22,320 - discord.http - WARNING - We are being rate limited. PATCH https://discord.com/api/v10/channels/1475561442647347201/messages/1481967916042948732 responded with 429. Retrying in 2.21 seconds.
2026-03-13 18:01:23,556 - discord.http - WARNING - We are being rate limited. PATCH https://discord.com/api/v10/channels/1475561442647347201/messages/1481967916042948732 responded with 429. Retrying in 2.12 seconds.
2026-03-13 18:02:57,605 - discord.http - WARNING - We are being rate limited. PATCH https://discord.com/api/v10/channels/1475561442647347201/messages/1481967916042948732 responded with 429. Retrying in 2.26 seconds.
2026-03-13 18:06:22,366 - discord.http - WARNING - We are being rate limited. PATCH https://discord.com/api/v10/channels/1475561442647347201/messages/1481967916042948732 responded with 429. Retrying in 2.10 seconds.
2026-03-13 18:10:32,716 - discord.http - WARNING - We are being rate limited. PATCH https://discord.com/api/v10/channels/1475561442647347201/messages/1481967916042948732 responded with 429. Retrying in 1.98 seconds.
2026-03-13 18:11:22,643 - discord.http - WARNING - We are being rate limited. PATCH https://discord.com/api/v10/channels/1475561442647347201/messages/1481967916042948732 responded with 429. Retrying in 1.86 seconds.
2026-03-13 18:12:24,802 - discord.gateway - INFO - Shard ID None has successfully RESUMED session d5fefaba61392daf42ea6f9ede0e2059.
2026-03-13 18:16:22,699 - discord.http - WARNING - We are being rate limited. PATCH https://discord.com/api/v10/channels/1475561442647347201/messages/1481967916042948732 responded with 429. Retrying in 2.08 seconds.
2026-03-13 18:21:22,736 - discord.http - WARNING - We are being rate limited. PATCH https://discord.com/api/v10/channels/1475561442647347201/messages/1481967916042948732 responded with 429. Retrying in 2.04 seconds.
2026-03-13 18:26:22,825 - discord.http - WARNING - We are being rate limited. PATCH https://discord.com/api/v10/channels/1475561442647347201/messages/1481967916042948732 responded with 429. Retrying in 2.02 seconds.
2026-03-13 18:31:22,936 - discord.http - WARNING - We are being rate limited. PATCH https://discord.com/api/v10/channels/1475561442647347201/messages/1481967916042948732 responded with 429. Retrying in 1.84 seconds.
2026-03-13 18:36:23,226 - discord.http - WARNING - We are being rate limited. PATCH https://discord.com/api/v10/channels/1475561442647347201/messages/1481967916042948732 responded with 429. Retrying in 1.67 seconds.
2026-03-13 18:41:24,350 - discord.http - WARNING - We are being rate limited. PATCH https://discord.com/api/v10/channels/1475561442647347201/messages/1481967916042948732 responded with 429. Retrying in 0.30 seconds.
2026-03-13 18:46:22,274 - discord.http - WARNING - We are being rate limited. PATCH https://discord.com/api/v10/channels/1475561442647347201/messages/1481967916042948732 responded with 429. Retrying in 2.27 seconds.
2026-03-13 18:51:22,117 - discord.http - WARNING - We are being rate limited. PATCH https://discord.com/api/v10/channels/1475561442647347201/messages/1481967916042948732 responded with 429. Retrying in 2.40 seconds.
2026-03-13 18:56:22,432 - discord.http - WARNING - We are being rate limited. PATCH https://discord.com/api/v10/channels/1475561442647347201/messages/1481967916042948732 responded with 429. Retrying in 2.19 seconds.
2026-03-13 19:01:23,016 - discord.http - WARNING - We are being rate limited. PATCH https://discord.com/api/v10/channels/1475561442647347201/messages/1481967916042948732 responded with 429. Retrying in 1.50 seconds.
2026-03-13 19:06:23,722 - discord.http - WARNING - We are being rate limited. PATCH https://discord.com/api/v10/channels/1475561442647347201/messages/1481967916042948732 responded with 429. Retrying in 1.03 seconds.
2026-03-13 19:11:22,736 - discord.http - WARNING - We are being rate limited. PATCH https://discord.com/api/v10/channels/1475561442647347201/messages/1481967916042948732 responded with 429. Retrying in 1.77 seconds.
2026-03-13 19:16:22,801 - discord.http - WARNING - We are being rate limited. PATCH https://discord.com/api/v10/channels/1475561442647347201/messages/1481967916042948732 responded with 429. Retrying in 1.72 seconds.
2026-03-13 19:21:22,926 - discord.http - WARNING - We are being rate limited. PATCH https://discord.com/api/v10/channels/1475561442647347201/messages/1481967916042948732 responded with 429. Retrying in 1.86 seconds.
2026-03-13 19:26:22,627 - discord.http - WARNING - We are being rate limited. PATCH https://discord.com/api/v10/channels/1475561442647347201/messages/1481967916042948732 responded with 429. Retrying in 2.01 seconds.
2026-03-13 19:31:22,425 - discord.http - WARNING - We are being rate limited. PATCH https://discord.com/api/v10/channels/1475561442647347201/messages/1481967916042948732 responded with 429. Retrying in 2.16 seconds.
2026-03-13 19:36:22,638 - discord.http - WARNING - We are being rate limited. PATCH https://discord.com/api/v10/channels/1475561442647347201/messages/1481967916042948732 responded with 429. Retrying in 2.10 seconds.
2026-03-13 19:41:22,280 - discord.http - WARNING - We are being rate limited. PATCH https://discord.com/api/v10/channels/1475561442647347201/messages/1481967916042948732 responded with 429. Retrying in 2.28 seconds.
2026-03-13 19:46:22,097 - discord.http - WARNING - We are being rate limited. PATCH https://discord.com/api/v10/channels/1475561442647347201/messages/1481967916042948732 responded with 429. Retrying in 2.44 seconds.
2026-03-13 19:51:23,011 - discord.http - WARNING - We are being rate limited. PATCH https://discord.com/api/v10/channels/1475561442647347201/messages/1481967916042948732 responded with 429. Retrying in 1.88 seconds.
2026-03-13 19:56:22,211 - discord.http - WARNING - We are being rate limited. PATCH https://discord.com/api/v10/channels/1475561442647347201/messages/1481967916042948732 responded with 429. Retrying in 2.33 seconds.
2026-03-13 20:01:23,249 - discord.http - WARNING - We are being rate limited. PATCH https://discord.com/api/v10/channels/1475561442647347201/messages/1481967916042948732 responded with 429. Retrying in 1.40 seconds.
2026-03-13 20:06:22,702 - discord.http - WARNING - We are being rate limited. PATCH https://discord.com/api/v10/channels/1475561442647347201/messages/1481967916042948732 responded with 429. Retrying in 1.75 seconds.
2026-03-13 20:11:23,531 - discord.http - WARNING - We are being rate limited. PATCH https://discord.com/api/v10/channels/1475561442647347201/messages/1481967916042948732 responded with 429. Retrying in 1.48 seconds.
2026-03-13 20:16:22,725 - discord.http - WARNING - We are being rate limited. PATCH https://discord.com/api/v10/channels/1475561442647347201/messages/1481967916042948732 responded with 429. Retrying in 2.29 seconds.
2026-03-13 20:21:23,190 - discord.http - WARNING - We are being rate limited. PATCH https://discord.com/api/v10/channels/1475561442647347201/messages/1481967916042948732 responded with 429. Retrying in 1.95 seconds.
2026-03-13 20:26:11,232 - DkatanaBot - INFO - 🎽 Assigned jersey number #54 to 𝓓𝓚 | Ayie (1184325384410501203)
2026-03-13 20:26:11,425 - DkatanaBot - ERROR - Error update leaderboard loop: 'NoneType' object has no attribute 'get'
2026-03-13 20:26:38,067 - discord.gateway - INFO - Shard ID None has successfully RESUMED session d5fefaba61392daf42ea6f9ede0e2059.
2026-03-13 20:31:12,110 - DkatanaBot - INFO - 🎽 Assigned jersey number #55 to 𝓓𝓚 | Ashlyn (1090210513503387669)
2026-03-13 20:31:12,293 - DkatanaBot - ERROR - Error update leaderboard loop: 'NoneType' object has no attribute 'get'
2026-03-13 20:36:19,256 - DkatanaBot - INFO - 🎽 Assigned jersey number #56 to DK | BllyKun (1152724627752243221)
2026-03-13 20:36:19,439 - DkatanaBot - ERROR - Error update leaderboard loop: 'NoneType' object has no attribute 'get'
2026-03-13 20:41:23,348 - discord.http - WARNING - We are being rate limited. PATCH https://discord.com/api/v10/channels/1475561442647347201/messages/1481967916042948732 responded with 429. Retrying in 2.16 seconds.
2026-03-13 20:46:23,229 - discord.http - WARNING - We are being rate limited. PATCH https://discord.com/api/v10/channels/1475561442647347201/messages/1481967916042948732 responded with 429. Retrying in 2.20 seconds.
2026-03-13 20:51:24,164 - discord.http - WARNING - We are being rate limited. PATCH https://discord.com/api/v10/channels/1475561442647347201/messages/1481967916042948732 responded with 429. Retrying in 1.35 seconds.
2026-03-13 20:56:23,399 - discord.http - WARNING - We are being rate limited. PATCH https://discord.com/api/v10/channels/1475561442647347201/messages/1481967916042948732 responded with 429. Retrying in 2.24 seconds.
2026-03-13 21:01:23,623 - discord.http - WARNING - We are being rate limited. PATCH https://discord.com/api/v10/channels/1475561442647347201/messages/1481967916042948732 responded with 429. Retrying in 2.08 seconds.
2026-03-13 21:06:23,229 - discord.http - WARNING - We are being rate limited. PATCH https://discord.com/api/v10/channels/1475561442647347201/messages/1481967916042948732 responded with 429. Retrying in 2.17 seconds.
2026-03-13 21:11:23,593 - discord.http - WARNING - We are being rate limited. PATCH https://discord.com/api/v10/channels/1475561442647347201/messages/1481967916042948732 responded with 429. Retrying in 1.72 seconds.
2026-03-13 21:16:23,232 - discord.http - WARNING - We are being rate limited. PATCH https://discord.com/api/v10/channels/1475561442647347201/messages/1481967916042948732 responded with 429. Retrying in 2.39 seconds.
2026-03-13 21:21:24,289 - discord.http - WARNING - We are being rate limited. PATCH https://discord.com/api/v10/channels/1475561442647347201/messages/1481967916042948732 responded with 429. Retrying in 2.02 seconds.
2026-03-13 21:26:23,483 - discord.http - WARNING - We are being rate limited. PATCH https://discord.com/api/v10/channels/1475561442647347201/messages/1481967916042948732 responded with 429. Retrying in 2.26 seconds.
2026-03-13 21:31:23,782 - discord.http - WARNING - We are being rate limited. PATCH https://discord.com/api/v10/channels/1475561442647347201/messages/1481967916042948732 responded with 429. Retrying in 2.24 seconds.
2026-03-13 21:35:45,298 - discord.gateway - INFO - Shard ID None has successfully RESUMED session d5fefaba61392daf42ea6f9ede0e2059.
2026-03-13 21:36:25,096 - discord.http - WARNING - We are being rate limited. PATCH https://discord.com/api/v10/channels/1475561442647347201/messages/1481967916042948732 responded with 429. Retrying in 1.05 seconds.
2026-03-13 21:41:24,450 - discord.http - WARNING - We are being rate limited. PATCH https://discord.com/api/v10/channels/1475561442647347201/messages/1481967916042948732 responded with 429. Retrying in 1.98 seconds.
2026-03-13 21:46:23,675 - discord.http - WARNING - We are being rate limited. PATCH https://discord.com/api/v10/channels/1475561442647347201/messages/1481967916042948732 responded with 429. Retrying in 2.22 seconds.
2026-03-13 21:51:25,129 - discord.http - WARNING - We are being rate limited. PATCH https://discord.com/api/v10/channels/1475561442647347201/messages/1481967916042948732 responded with 429. Retrying in 2.17 seconds.
2026-03-13 21:56:23,083 - discord.http - WARNING - We are being rate limited. PATCH https://discord.com/api/v10/channels/1475561442647347201/messages/1481967916042948732 responded with 429. Retrying in 2.29 seconds.
2026-03-13 22:00:52,147 - discord.http - WARNING - We are being rate limited. PATCH https://discord.com/api/v10/channels/1475561442647347201/messages/1481967916042948732 responded with 429. Retrying in 1.67 seconds.
2026-03-13 22:01:23,302 - discord.http - WARNING - We are being rate limited. PATCH https://discord.com/api/v10/channels/1475561442647347201/messages/1481967916042948732 responded with 429. Retrying in 2.07 seconds.
2026-03-13 22:06:23,399 - discord.http - WARNING - We are being rate limited. PATCH https://discord.com/api/v10/channels/1475561442647347201/messages/1481967916042948732 responded with 429. Retrying in 2.00 seconds.
2026-03-13 22:11:23,540 - discord.http - WARNING - We are being rate limited. PATCH https://discord.com/api/v10/channels/1475561442647347201/messages/1481967916042948732 responded with 429. Retrying in 1.87 seconds.
2026-03-13 22:16:23,480 - discord.http - WARNING - We are being rate limited. PATCH https://discord.com/api/v10/channels/1475561442647347201/messages/1481967916042948732 responded with 429. Retrying in 1.93 seconds.
2026-03-13 22:21:23,922 - discord.http - WARNING - We are being rate limited. PATCH https://discord.com/api/v10/channels/1475561442647347201/messages/1481967916042948732 responded with 429. Retrying in 1.81 seconds.
2026-03-13 22:26:23,216 - discord.http - WARNING - We are being rate limited. PATCH https://discord.com/api/v10/channels/1475561442647347201/messages/1481967916042948732 responded with 429. Retrying in 2.17 seconds.
2026-03-13 22:31:24,837 - discord.http - WARNING - We are being rate limited. PATCH https://discord.com/api/v10/channels/1475561442647347201/messages/1481967916042948732 responded with 429. Retrying in 0.59 seconds.
2026-03-13 22:36:25,102 - discord.http - WARNING - We are being rate limited. PATCH https://discord.com/api/v10/channels/1475561442647347201/messages/1481967916042948732 responded with 429. Retrying in 1.49 seconds.
2026-03-13 22:41:24,173 - discord.http - WARNING - We are being rate limited. PATCH https://discord.com/api/v10/channels/1475561442647347201/messages/1481967916042948732 responded with 429. Retrying in 1.94 seconds.
2026-03-13 22:46:23,827 - discord.http - WARNING - We are being rate limited. PATCH https://discord.com/api/v10/channels/1475561442647347201/messages/1481967916042948732 responded with 429. Retrying in 2.25 seconds.
2026-03-13 22:51:24,343 - discord.http - WARNING - We are being rate limited. PATCH https://discord.com/api/v10/channels/1475561442647347201/messages/1481967916042948732 responded with 429. Retrying in 1.54 seconds.
2026-03-13 22:56:23,621 - discord.http - WARNING - We are being rate limited. PATCH https://discord.com/api/v10/channels/1475561442647347201/messages/1481967916042948732 responded with 429. Retrying in 2.11 seconds.
2026-03-13 23:01:23,593 - discord.http - WARNING - We are being rate limited. PATCH https://discord.com/api/v10/channels/1475561442647347201/messages/1481967916042948732 responded with 429. Retrying in 2.05 seconds.
2026-03-13 23:06:24,987 - discord.http - WARNING - We are being rate limited. PATCH https://discord.com/api/v10/channels/1475561442647347201/messages/1481967916042948732 responded with 429. Retrying in 0.73 seconds.
2026-03-13 23:11:23,798 - discord.http - WARNING - We are being rate limited. PATCH https://discord.com/api/v10/channels/1475561442647347201/messages/1481967916042948732 responded with 429. Retrying in 2.11 seconds.
2026-03-13 23:16:23,468 - discord.http - WARNING - We are being rate limited. PATCH https://discord.com/api/v10/channels/1475561442647347201/messages/1481967916042948732 responded with 429. Retrying in 2.23 seconds.
2026-03-13 23:21:23,219 - discord.http - WARNING - We are being rate limited. PATCH https://discord.com/api/v10/channels/1475561442647347201/messages/1481967916042948732 responded with 429. Retrying in 2.23 seconds.
2026-03-13 23:26:24,938 - discord.http - WARNING - We are being rate limited. PATCH https://discord.com/api/v10/channels/1475561442647347201/messages/1481967916042948732 responded with 429. Retrying in 1.38 seconds.
2026-03-13 23:31:23,960 - discord.http - WARNING - We are being rate limited. PATCH https://discord.com/api/v10/channels/1475561442647347201/messages/1481967916042948732 responded with 429. Retrying in 1.99 seconds.
2026-03-13 23:36:23,753 - discord.http - WARNING - We are being rate limited. PATCH https://discord.com/api/v10/channels/1475561442647347201/messages/1481967916042948732 responded with 429. Retrying in 1.91 seconds.
2026-03-13 23:41:24,087 - discord.http - WARNING - We are being rate limited. PATCH https://discord.com/api/v10/channels/1475561442647347201/messages/1481967916042948732 responded with 429. Retrying in 1.58 seconds.
2026-03-13 23:46:25,766 - discord.http - WARNING - We are being rate limited. PATCH https://discord.com/api/v10/channels/1475561442647347201/messages/1481967916042948732 responded with 429. Retrying in 2.31 seconds.
2026-03-13 23:51:25,186 - discord.http - WARNING - We are being rate limited. PATCH https://discord.com/api/v10/channels/1475561442647347201/messages/1481967916042948732 responded with 429. Retrying in 0.51 seconds.
2026-03-13 23:56:23,653 - discord.http - WARNING - We are being rate limited. PATCH https://discord.com/api/v10/channels/1475561442647347201/messages/1481967916042948732 responded with 429. Retrying in 1.79 seconds.
2026-03-14 00:01:23,018 - discord.http - WARNING - We are being rate limited. PATCH https://discord.com/api/v10/channels/1475561442647347201/messages/1481967916042948732 responded with 429. Retrying in 2.11 seconds.
2026-03-14 00:03:32,868 - discord.gateway - INFO - Shard ID None has successfully RESUMED session d5fefaba61392daf42ea6f9ede0e2059.
2026-03-14 00:06:23,320 - discord.http - WARNING - We are being rate limited. PATCH https://discord.com/api/v10/channels/1475561442647347201/messages/1481967916042948732 responded with 429. Retrying in 1.84 seconds.
2026-03-14 00:11:23,710 - discord.http - WARNING - We are being rate limited. PATCH https://discord.com/api/v10/channels/1475561442647347201/messages/1481967916042948732 responded with 429. Retrying in 1.75 seconds.
2026-03-14 00:16:23,289 - discord.http - WARNING - We are being rate limited. PATCH https://discord.com/api/v10/channels/1475561442647347201/messages/1481967916042948732 responded with 429. Retrying in 2.37 seconds.
2026-03-14 00:21:24,231 - discord.http - WARNING - We are being rate limited. PATCH https://discord.com/api/v10/channels/1475561442647347201/messages/1481967916042948732 responded with 429. Retrying in 1.33 seconds.
2026-03-14 00:26:23,498 - discord.http - WARNING - We are being rate limited. PATCH https://discord.com/api/v10/channels/1475561442647347201/messages/1481967916042948732 responded with 429. Retrying in 2.02 seconds.
2026-03-14 00:31:22,791 - discord.http - WARNING - We are being rate limited. PATCH https://discord.com/api/v10/channels/1475561442647347201/messages/1481967916042948732 responded with 429. Retrying in 2.32 seconds.
2026-03-14 00:36:22,831 - discord.http - WARNING - We are being rate limited. PATCH https://discord.com/api/v10/channels/1475561442647347201/messages/1481967916042948732 responded with 429. Retrying in 2.37 seconds.
2026-03-14 00:41:22,844 - discord.http - WARNING - We are being rate limited. PATCH https://discord.com/api/v10/channels/1475561442647347201/messages/1481967916042948732 responded with 429. Retrying in 2.35 seconds.
2026-03-14 00:46:23,177 - discord.http - WARNING - We are being rate limited. PATCH https://discord.com/api/v10/channels/1475561442647347201/messages/1481967916042948732 responded with 429. Retrying in 2.13 seconds.
2026-03-14 00:51:23,342 - discord.http - WARNING - We are being rate limited. PATCH https://discord.com/api/v10/channels/1475561442647347201/messages/1481967916042948732 responded with 429. Retrying in 2.24 seconds.
2026-03-14 00:56:23,514 - discord.http - WARNING - We are being rate limited. PATCH https://discord.com/api/v10/channels/1475561442647347201/messages/1481967916042948732 responded with 429. Retrying in 1.93 seconds.
2026-03-14 01:01:23,361 - discord.http - WARNING - We are being rate limited. PATCH https://discord.com/api/v10/channels/1475561442647347201/messages/1481967916042948732 responded with 429. Retrying in 2.21 seconds.
2026-03-14 01:06:23,104 - discord.http - WARNING - We are being rate limited. PATCH https://discord.com/api/v10/channels/1475561442647347201/messages/1481967916042948732 responded with 429. Retrying in 2.32 seconds.
2026-03-14 01:11:23,142 - discord.http - WARNING - We are being rate limited. PATCH https://discord.com/api/v10/channels/1475561442647347201/messages/1481967916042948732 responded with 429. Retrying in 2.24 seconds.
2026-03-14 01:16:22,833 - discord.http - WARNING - We are being rate limited. PATCH https://discord.com/api/v10/channels/1475561442647347201/messages/1481967916042948732 responded with 429. Retrying in 2.17 seconds.
2026-03-14 01:21:24,532 - discord.http - WARNING - We are being rate limited. PATCH https://discord.com/api/v10/channels/1475561442647347201/messages/1481967916042948732 responded with 429. Retrying in 0.72 seconds.
2026-03-14 01:26:22,893 - discord.http - WARNING - We are being rate limited. PATCH https://discord.com/api/v10/channels/1475561442647347201/messages/1481967916042948732 responded with 429. Retrying in 2.17 seconds.
2026-03-14 01:31:24,399 - discord.http - WARNING - We are being rate limited. PATCH https://discord.com/api/v10/channels/1475561442647347201/messages/1481967916042948732 responded with 429. Retrying in 1.56 seconds.
2026-03-14 01:36:22,868 - discord.http - WARNING - We are being rate limited. PATCH https://discord.com/api/v10/channels/1475561442647347201/messages/1481967916042948732 responded with 429. Retrying in 2.23 seconds.
2026-03-14 01:41:22,921 - discord.http - WARNING - We are being rate limited. PATCH https://discord.com/api/v10/channels/1475561442647347201/messages/1481967916042948732 responded with 429. Retrying in 2.20 seconds.
2026-03-14 01:46:22,770 - discord.http - WARNING - We are being rate limited. PATCH https://discord.com/api/v10/channels/1475561442647347201/messages/1481967916042948732 responded with 429. Retrying in 2.42 seconds.
2026-03-14 01:51:22,648 - discord.http - WARNING - We are being rate limited. PATCH https://discord.com/api/v10/channels/1475561442647347201/messages/1481967916042948732 responded with 429. Retrying in 2.39 seconds.
2026-03-14 01:56:22,859 - discord.http - WARNING - We are being rate limited. PATCH https://discord.com/api/v10/channels/1475561442647347201/messages/1481967916042948732 responded with 429. Retrying in 2.26 seconds.
2026-03-14 02:01:23,942 - discord.http - WARNING - We are being rate limited. PATCH https://discord.com/api/v10/channels/1475561442647347201/messages/1481967916042948732 responded with 429. Retrying in 1.81 seconds.
2026-03-14 02:06:23,466 - discord.http - WARNING - We are being rate limited. PATCH https://discord.com/api/v10/channels/1475561442647347201/messages/1481967916042948732 responded with 429. Retrying in 2.37 seconds.
2026-03-14 02:06:38,372 - discord.gateway - INFO - Shard ID None has successfully RESUMED session d5fefaba61392daf42ea6f9ede0e2059.
2026-03-14 02:11:24,337 - discord.http - WARNING - We are being rate limited. PATCH https://discord.com/api/v10/channels/1475561442647347201/messages/1481967916042948732 responded with 429. Retrying in 1.46 seconds.
2026-03-14 02:16:23,479 - discord.http - WARNING - We are being rate limited. PATCH https://discord.com/api/v10/channels/1475561442647347201/messages/1481967916042948732 responded with 429. Retrying in 2.34 seconds.
2026-03-14 02:21:23,909 - discord.http - WARNING - We are being rate limited. PATCH https://discord.com/api/v10/channels/1475561442647347201/messages/1481967916042948732 responded with 429. Retrying in 2.03 seconds.
2026-03-14 02:26:23,655 - discord.http - WARNING - We are being rate limited. PATCH https://discord.com/api/v10/channels/1475561442647347201/messages/1481967916042948732 responded with 429. Retrying in 2.13 seconds.
2026-03-14 02:31:23,671 - discord.http - WARNING - We are being rate limited. PATCH https://discord.com/api/v10/channels/1475561442647347201/messages/1481967916042948732 responded with 429. Retrying in 2.19 seconds.
2026-03-14 02:36:23,584 - discord.http - WARNING - We are being rate limited. PATCH https://discord.com/api/v10/channels/1475561442647347201/messages/1481967916042948732 responded with 429. Retrying in 2.24 seconds.
2026-03-14 02:41:23,927 - discord.http - WARNING - We are being rate limited. PATCH https://discord.com/api/v10/channels/1475561442647347201/messages/1481967916042948732 responded with 429. Retrying in 1.86 seconds.
2026-03-14 02:46:23,402 - discord.http - WARNING - We are being rate limited. PATCH https://discord.com/api/v10/channels/1475561442647347201/messages/1481967916042948732 responded with 429. Retrying in 2.45 seconds.
2026-03-14 02:51:23,344 - discord.http - WARNING - We are being rate limited. PATCH https://discord.com/api/v10/channels/1475561442647347201/messages/1481967916042948732 responded with 429. Retrying in 2.47 seconds.
2026-03-14 02:56:23,986 - discord.http - WARNING - We are being rate limited. PATCH https://discord.com/api/v10/channels/1475561442647347201/messages/1481967916042948732 responded with 429. Retrying in 1.78 seconds.
2026-03-14 03:01:23,393 - discord.http - WARNING - We are being rate limited. PATCH https://discord.com/api/v10/channels/1475561442647347201/messages/1481967916042948732 responded with 429. Retrying in 2.08 seconds.
2026-03-14 03:06:23,057 - discord.http - WARNING - We are being rate limited. PATCH https://discord.com/api/v10/channels/1475561442647347201/messages/1481967916042948732 responded with 429. Retrying in 2.40 seconds.
2026-03-14 03:11:22,762 - discord.http - WARNING - We are being rate limited. PATCH https://discord.com/api/v10/channels/1475561442647347201/messages/1481967916042948732 responded with 429. Retrying in 2.39 seconds.
2026-03-14 03:16:23,086 - discord.http - WARNING - We are being rate limited. PATCH https://discord.com/api/v10/channels/1475561442647347201/messages/1481967916042948732 responded with 429. Retrying in 2.05 seconds.
2026-03-14 03:21:22,985 - discord.http - WARNING - We are being rate limited. PATCH https://discord.com/api/v10/channels/1475561442647347201/messages/1481967916042948732 responded with 429. Retrying in 2.12 seconds.
2026-03-14 03:26:22,987 - discord.http - WARNING - We are being rate limited. PATCH https://discord.com/api/v10/channels/1475561442647347201/messages/1481967916042948732 responded with 429. Retrying in 2.42 seconds.
2026-03-14 03:31:22,895 - discord.http - WARNING - We are being rate limited. PATCH https://discord.com/api/v10/channels/1475561442647347201/messages/1481967916042948732 responded with 429. Retrying in 2.24 seconds.
2026-03-14 03:36:22,713 - discord.http - WARNING - We are being rate limited. PATCH https://discord.com/api/v10/channels/1475561442647347201/messages/1481967916042948732 responded with 429. Retrying in 2.40 seconds.
2026-03-14 03:41:23,022 - discord.http - WARNING - We are being rate limited. PATCH https://discord.com/api/v10/channels/1475561442647347201/messages/1481967916042948732 responded with 429. Retrying in 2.25 seconds.
2026-03-14 03:46:23,253 - discord.http - WARNING - We are being rate limited. PATCH https://discord.com/api/v10/channels/1475561442647347201/messages/1481967916042948732 responded with 429. Retrying in 2.48 seconds.
2026-03-14 03:51:24,718 - discord.http - WARNING - We are being rate limited. PATCH https://discord.com/api/v10/channels/1475561442647347201/messages/1481967916042948732 responded with 429. Retrying in 1.00 seconds.
2026-03-14 03:56:23,498 - discord.http - WARNING - We are being rate limited. PATCH https://discord.com/api/v10/channels/1475561442647347201/messages/1481967916042948732 responded with 429. Retrying in 2.17 seconds.
2026-03-14 04:00:09,321 - DkatanaBot - INFO - 🔄 Memulakan proses restart...
2026-03-14 04:00:41,471 - DkatanaBot - INFO - 🔄 Restarting bot (Bot-Hosting.net mode)...
2026-03-14 04:00:41,474 - DkatanaBot - INFO - 👋 Exiting process untuk restart...
2026-03-14 04:00:45,910 - discord.client - WARNING - PyNaCl is not installed, voice will NOT be supported
2026-03-14 04:00:45,910 - discord.client - WARNING - davey is not installed, voice will NOT be supported
2026-03-14 04:00:45,911 - discord.client - INFO - logging in using static token
2026-03-14 04:00:46,500 - DkatanaBot - INFO - 🚀 Memuatkan cogs...
2026-03-14 04:00:49,534 - DkatanaBot - INFO - ✅ MongoDB connected
2026-03-14 04:00:49,535 - DkatanaBot - INFO - ✅ cogs.database dimuatkan
2026-03-14 04:00:49,543 - DkatanaBot - INFO - ✅ cogs.attendance dimuatkan
2026-03-14 04:00:49,553 - DkatanaBot - INFO - ✅ cogs.leave_system dimuatkan
2026-03-14 04:00:49,554 - DkatanaBot - INFO - ✅ cogs.leaderboard dimuatkan
2026-03-14 04:00:49,557 - DkatanaBot - INFO - ✅ cogs.admin_panel dimuatkan
2026-03-14 04:00:49,558 - DkatanaBot - INFO - ✅ cogs.kutipan dimuatkan
2026-03-14 04:00:49,560 - DkatanaBot - INFO - ✅ cogs.voice_manager dimuatkan
2026-03-14 04:00:49,561 - DkatanaBot - INFO - ✅ cogs.anti_spam dimuatkan
2026-03-14 04:00:49,561 - DkatanaBot - INFO - ✅ cogs.logger dimuatkan
2026-03-14 04:00:49,563 - DkatanaBot - INFO - ✅ cogs.scheduler dimuatkan
2026-03-14 04:00:49,733 - DkatanaBot - INFO - ✅ 0 command(s) disync
2026-03-14 04:00:50,186 - discord.gateway - INFO - Shard ID None has connected to Gateway (Session ID: 94f2d1db1dcf3a042c317cbea5ac7ddb).
2026-03-14 04:00:52,194 - DkatanaBot - INFO - 🤖 𝐃𝐊𝐒𝐲𝐬𝐭𝐞𝐦 ᴮᴼᵀ sudah online!
2026-03-14 04:00:52,195 - DkatanaBot - INFO - 🆔 Bot ID: 1471155589508759775
2026-03-14 04:00:52,195 - DkatanaBot - INFO - 🌐 Berada di 1 server
2026-03-14 04:00:52,195 - DkatanaBot - INFO - 📝 Melaksanakan auto-setup...
2026-03-14 04:00:52,206 - DkatanaBot - INFO - 🔄 Memulakan proses restart...
2026-03-14 04:00:52,208 - DkatanaBot - INFO - 🧹 Membersihkan data lama...
2026-03-14 04:00:53,346 - DkatanaBot - INFO - 🗑️ 0 data lama dipadam
2026-03-14 04:00:56,418 - DkatanaBot - INFO - ℹ️ Attendance message sedia ada direfresh di ╠➣📝├ᴋᴇʜᴀᴅɪʀᴀɴ・ᴬᵘᵗᵒ
2026-03-14 04:00:57,795 - DkatanaBot - INFO - 🗑️ 1 mesej lama dipadam dari admin panel channel
2026-03-14 04:01:00,158 - DkatanaBot - INFO - ✅ Admin panel dihantar ke 『⚙️』ꜱᴇᴛᴜᴘ-ᴘᴀɴᴇʟ
2026-03-14 04:01:02,656 - DkatanaBot - INFO - ✅ Leaderboard kutipan dikemaskini (auto-setup)
2026-03-14 04:01:02,656 - DkatanaBot - INFO - ✅ Auto-setup selesai!
2026-03-14 04:01:08,709 - discord.http - WARNING - We are being rate limited. PATCH https://discord.com/api/v10/channels/1475561442647347201/messages/1481967916042948732 responded with 429. Retrying in 1.23 seconds.
2026-03-14 04:01:22,542 - DkatanaBot - INFO - Leaderboard kutipan dikemaskini (startup)
2026-03-14 04:01:22,900 - DkatanaBot - INFO - 🔄 Restarting bot (Bot-Hosting.net mode)...
2026-03-14 04:01:22,901 - DkatanaBot - INFO - 👋 Exiting process untuk restart...
2026-03-14 04:01:26,710 - discord.client - WARNING - PyNaCl is not installed, voice will NOT be supported
2026-03-14 04:01:26,710 - discord.client - WARNING - davey is not installed, voice will NOT be supported
2026-03-14 04:01:26,711 - discord.client - INFO - logging in using static token
2026-03-14 04:01:27,848 - DkatanaBot - INFO - 🚀 Memuatkan cogs...
2026-03-14 04:01:30,920 - DkatanaBot - INFO - ✅ MongoDB connected
2026-03-14 04:01:30,920 - DkatanaBot - INFO - ✅ cogs.database dimuatkan
2026-03-14 04:01:30,921 - DkatanaBot - INFO - ✅ cogs.attendance dimuatkan
2026-03-14 04:01:30,923 - DkatanaBot - INFO - ✅ cogs.leave_system dimuatkan
2026-03-14 04:01:30,923 - DkatanaBot - INFO - ✅ cogs.leaderboard dimuatkan
2026-03-14 04:01:30,926 - DkatanaBot - INFO - ✅ cogs.admin_panel dimuatkan
2026-03-14 04:01:30,927 - DkatanaBot - INFO - ✅ cogs.kutipan dimuatkan
2026-03-14 04:01:30,928 - DkatanaBot - INFO - ✅ cogs.voice_manager dimuatkan
2026-03-14 04:01:30,929 - DkatanaBot - INFO - ✅ cogs.anti_spam dimuatkan
2026-03-14 04:01:30,929 - DkatanaBot - INFO - ✅ cogs.logger dimuatkan
2026-03-14 04:01:30,930 - DkatanaBot - INFO - ✅ cogs.scheduler dimuatkan
2026-03-14 04:01:31,109 - DkatanaBot - INFO - ✅ 0 command(s) disync
2026-03-14 04:01:31,570 - discord.gateway - INFO - Shard ID None has connected to Gateway (Session ID: 7858d301de007290271fb711be9086fe).
2026-03-14 04:01:33,579 - DkatanaBot - INFO - 🤖 𝐃𝐊𝐒𝐲𝐬𝐭𝐞𝐦 ᴮᴼᵀ sudah online!
2026-03-14 04:01:33,579 - DkatanaBot - INFO - 🆔 Bot ID: 1471155589508759775
2026-03-14 04:01:33,579 - DkatanaBot - INFO - 🌐 Berada di 1 server
2026-03-14 04:01:33,579 - DkatanaBot - INFO - 📝 Melaksanakan auto-setup...
2026-03-14 04:01:33,590 - DkatanaBot - INFO - 🧹 Membersihkan data lama...
2026-03-14 04:01:34,712 - DkatanaBot - INFO - 🗑️ 0 data lama dipadam
2026-03-14 04:01:37,518 - DkatanaBot - INFO - ℹ️ Attendance message sedia ada direfresh di ╠➣📝├ᴋᴇʜᴀᴅɪʀᴀɴ・ᴬᵘᵗᵒ
2026-03-14 04:01:39,337 - DkatanaBot - INFO - 🗑️ 1 mesej lama dipadam dari admin panel channel
2026-03-14 04:01:41,586 - DkatanaBot - INFO - ✅ Admin panel dihantar ke 『⚙️』ꜱᴇᴛᴜᴘ-ᴘᴀɴᴇʟ
2026-03-14 04:01:44,289 - DkatanaBot - INFO - ✅ Leaderboard kutipan dikemaskini (auto-setup)
2026-03-14 04:01:44,289 - DkatanaBot - INFO - ✅ Auto-setup selesai!
2026-03-14 04:01:49,699 - discord.http - WARNING - We are being rate limited. PATCH https://discord.com/api/v10/channels/1475561442647347201/messages/1481967916042948732 responded with 429. Retrying in 1.47 seconds.
2026-03-14 04:02:03,289 - DkatanaBot - INFO - Leaderboard kutipan dikemaskini (startup)
2026-03-14 04:02:12,537 - discord.http - WARNING - We are being rate limited. PATCH https://discord.com/api/v10/channels/1476779413201879061/messages/1479122248433406033 responded with 429. Retrying in 1.57 seconds.
2026-03-14 04:02:14,734 - discord.http - WARNING - We are being rate limited. PATCH https://discord.com/api/v10/channels/1476779413201879061/messages/1479122250744729605 responded with 429. Retrying in 5.37 seconds.
2026-03-14 04:06:50,171 - discord.http - WARNING - We are being rate limited. PATCH https://discord.com/api/v10/channels/1475561442647347201/messages/1481967916042948732 responded with 429. Retrying in 0.30 seconds.
2026-03-14 04:11:47,179 - discord.http - WARNING - We are being rate limited. PATCH https://discord.com/api/v10/channels/1475561442647347201/messages/1481967916042948732 responded with 429. Retrying in 2.23 seconds.
2026-03-14 04:16:47,248 - discord.http - WARNING - We are being rate limited. PATCH https://discord.com/api/v10/channels/1475561442647347201/messages/1481967916042948732 responded with 429. Retrying in 2.24 seconds.
2026-03-14 04:21:47,464 - discord.http - WARNING - We are being rate limited. PATCH https://discord.com/api/v10/channels/1475561442647347201/messages/1481967916042948732 responded with 429. Retrying in 2.25 seconds.
2026-03-14 04:26:47,388 - discord.http - WARNING - We are being rate limited. PATCH https://discord.com/api/v10/channels/1475561442647347201/messages/1481967916042948732 responded with 429. Retrying in 2.19 seconds.
2026-03-14 04:31:46,834 - discord.http - WARNING - We are being rate limited. PATCH https://discord.com/api/v10/channels/1475561442647347201/messages/1481967916042948732 responded with 429. Retrying in 2.42 seconds.
2026-03-14 04:36:48,726 - discord.http - WARNING - We are being rate limited. PATCH https://discord.com/api/v10/channels/1475561442647347201/messages/1481967916042948732 responded with 429. Retrying in 0.70 seconds.
2026-03-14 04:41:47,234 - discord.http - WARNING - We are being rate limited. PATCH https://discord.com/api/v10/channels/1475561442647347201/messages/1481967916042948732 responded with 429. Retrying in 2.17 seconds.
2026-03-14 04:46:46,999 - discord.http - WARNING - We are being rate limited. PATCH https://discord.com/api/v10/channels/1475561442647347201/messages/1481967916042948732 responded with 429. Retrying in 2.40 seconds.
2026-03-14 04:51:47,793 - discord.http - WARNING - We are being rate limited. PATCH https://discord.com/api/v10/channels/1475561442647347201/messages/1481967916042948732 responded with 429. Retrying in 1.57 seconds.
2026-03-14 04:56:47,134 - discord.http - WARNING - We are being rate limited. PATCH https://discord.com/api/v10/channels/1475561442647347201/messages/1481967916042948732 responded with 429. Retrying in 2.22 seconds.
2026-03-14 05:01:46,978 - discord.http - WARNING - We are being rate limited. PATCH https://discord.com/api/v10/channels/1475561442647347201/messages/1481967916042948732 responded with 429. Retrying in 2.40 seconds.
2026-03-14 05:06:47,532 - discord.http - WARNING - We are being rate limited. PATCH https://discord.com/api/v10/channels/1475561442647347201/messages/1481967916042948732 responded with 429. Retrying in 1.82 seconds.
2026-03-14 05:11:47,094 - discord.http - WARNING - We are being rate limited. PATCH https://discord.com/api/v10/channels/1475561442647347201/messages/1481967916042948732 responded with 429. Retrying in 2.28 seconds.
2026-03-14 05:16:47,017 - discord.http - WARNING - We are being rate limited. PATCH https://discord.com/api/v10/channels/1475561442647347201/messages/1481967916042948732 responded with 429. Retrying in 2.32 seconds.
2026-03-14 05:17:55,508 - discord.gateway - INFO - Shard ID None has successfully RESUMED session 7858d301de007290271fb711be9086fe.
2026-03-14 05:21:46,933 - discord.http - WARNING - We are being rate limited. PATCH https://discord.com/api/v10/channels/1475561442647347201/messages/1481967916042948732 responded with 429. Retrying in 2.41 seconds.
2026-03-14 05:26:47,204 - discord.http - WARNING - We are being rate limited. PATCH https://discord.com/api/v10/channels/1475561442647347201/messages/1481967916042948732 responded with 429. Retrying in 2.15 seconds.
2026-03-14 05:31:47,627 - discord.http - WARNING - We are being rate limited. PATCH https://discord.com/api/v10/channels/1475561442647347201/messages/1481967916042948732 responded with 429. Retrying in 1.71 seconds.
2026-03-14 05:36:46,954 - discord.http - WARNING - We are being rate limited. PATCH https://discord.com/api/v10/channels/1475561442647347201/messages/1481967916042948732 responded with 429. Retrying in 2.36 seconds.
2026-03-14 05:41:47,553 - discord.http - WARNING - We are being rate limited. PATCH https://discord.com/api/v10/channels/1475561442647347201/messages/1481967916042948732 responded with 429. Retrying in 1.86 seconds.
2026-03-14 05:46:46,830 - discord.http - WARNING - We are being rate limited. PATCH https://discord.com/api/v10/channels/1475561442647347201/messages/1481967916042948732 responded with 429. Retrying in 2.49 seconds.
2026-03-14 05:51:47,337 - discord.http - WARNING - We are being rate limited. PATCH https://discord.com/api/v10/channels/1475561442647347201/messages/1481967916042948732 responded with 429. Retrying in 2.19 seconds.
2026-03-14 05:56:48,555 - discord.http - WARNING - We are being rate limited. PATCH https://discord.com/api/v10/channels/1475561442647347201/messages/1481967916042948732 responded with 429. Retrying in 0.74 seconds.
2026-03-14 06:01:46,939 - discord.http - WARNING - We are being rate limited. PATCH https://discord.com/api/v10/channels/1475561442647347201/messages/1481967916042948732 responded with 429. Retrying in 2.38 seconds.
2026-03-14 06:06:47,311 - discord.http - WARNING - We are being rate limited. PATCH https://discord.com/api/v10/channels/1475561442647347201/messages/1481967916042948732 responded with 429. Retrying in 2.52 seconds.
2026-03-14 06:11:47,526 - discord.http - WARNING - We are being rate limited. PATCH https://discord.com/api/v10/channels/1475561442647347201/messages/1481967916042948732 responded with 429. Retrying in 2.34 seconds.
2026-03-14 06:16:47,382 - discord.http - WARNING - We are being rate limited. PATCH https://discord.com/api/v10/channels/1475561442647347201/messages/1481967916042948732 responded with 429. Retrying in 2.51 seconds.
2026-03-14 06:21:47,443 - discord.http - WARNING - We are being rate limited. PATCH https://discord.com/api/v10/channels/1475561442647347201/messages/1481967916042948732 responded with 429. Retrying in 2.54 seconds.
2026-03-14 06:26:47,579 - discord.http - WARNING - We are being rate limited. PATCH https://discord.com/api/v10/channels/1475561442647347201/messages/1481967916042948732 responded with 429. Retrying in 2.49 seconds.
2026-03-14 06:31:47,672 - discord.http - WARNING - We are being rate limited. PATCH https://discord.com/api/v10/channels/1475561442647347201/messages/1481967916042948732 responded with 429. Retrying in 2.36 seconds.
2026-03-14 06:36:47,646 - discord.http - WARNING - We are being rate limited. PATCH https://discord.com/api/v10/channels/1475561442647347201/messages/1481967916042948732 responded with 429. Retrying in 2.35 seconds.
2026-03-14 06:41:47,432 - discord.http - WARNING - We are being rate limited. PATCH https://discord.com/api/v10/channels/1475561442647347201/messages/1481967916042948732 responded with 429. Retrying in 2.00 seconds.
2026-03-14 06:46:47,071 - discord.http - WARNING - We are being rate limited. PATCH https://discord.com/api/v10/channels/1475561442647347201/messages/1481967916042948732 responded with 429. Retrying in 2.33 seconds.
2026-03-14 06:51:48,047 - discord.http - WARNING - We are being rate limited. PATCH https://discord.com/api/v10/channels/1475561442647347201/messages/1481967916042948732 responded with 429. Retrying in 1.91 seconds.
2026-03-14 06:56:47,729 - discord.http - WARNING - We are being rate limited. PATCH https://discord.com/api/v10/channels/1475561442647347201/messages/1481967916042948732 responded with 429. Retrying in 2.41 seconds.
2026-03-14 07:01:47,985 - discord.http - WARNING - We are being rate limited. PATCH https://discord.com/api/v10/channels/1475561442647347201/messages/1481967916042948732 responded with 429. Retrying in 2.23 seconds.
2026-03-14 07:06:47,399 - discord.http - WARNING - We are being rate limited. PATCH https://discord.com/api/v10/channels/1475561442647347201/messages/1481967916042948732 responded with 429. Retrying in 2.16 seconds.
2026-03-14 07:11:48,429 - discord.http - WARNING - We are being rate limited. PATCH https://discord.com/api/v10/channels/1475561442647347201/messages/1481967916042948732 responded with 429. Retrying in 1.52 seconds.
2026-03-14 07:16:48,787 - discord.http - WARNING - We are being rate limited. PATCH https://discord.com/api/v10/channels/1475561442647347201/messages/1481967916042948732 responded with 429. Retrying in 1.36 seconds.
2026-03-14 07:21:47,674 - discord.http - WARNING - We are being rate limited. PATCH https://discord.com/api/v10/channels/1475561442647347201/messages/1481967916042948732 responded with 429. Retrying in 2.41 seconds.
2026-03-14 07:26:47,787 - discord.http - WARNING - We are being rate limited. PATCH https://discord.com/api/v10/channels/1475561442647347201/messages/1481967916042948732 responded with 429. Retrying in 2.43 seconds.
2026-03-14 07:31:47,693 - discord.http - WARNING - We are being rate limited. PATCH https://discord.com/api/v10/channels/1475561442647347201/messages/1481967916042948732 responded with 429. Retrying in 2.44 seconds.
2026-03-14 07:36:47,730 - discord.http - WARNING - We are being rate limited. PATCH https://discord.com/api/v10/channels/1475561442647347201/messages/1481967916042948732 responded with 429. Retrying in 2.50 seconds.
2026-03-14 07:38:58,743 - DkatanaBot - INFO - 👤 mdqie6595 ditandakan untuk dipadam
2026-03-14 07:41:47,537 - discord.http - WARNING - We are being rate limited. PATCH https://discord.com/api/v10/channels/1475561442647347201/messages/1481967916042948732 responded with 429. Retrying in 2.42 seconds.
2026-03-14 07:46:46,975 - discord.http - WARNING - We are being rate limited. PATCH https://discord.com/api/v10/channels/1475561442647347201/messages/1481967916042948732 responded with 429. Retrying in 2.38 seconds.
2026-03-14 07:51:46,979 - discord.http - WARNING - We are being rate limited. PATCH https://discord.com/api/v10/channels/1475561442647347201/messages/1481967916042948732 responded with 429. Retrying in 2.34 seconds.
2026-03-14 07:56:47,292 - discord.http - WARNING - We are being rate limited. PATCH https://discord.com/api/v10/channels/1475561442647347201/messages/1481967916042948732 responded with 429. Retrying in 2.13 seconds.
2026-03-14 08:01:46,836 - discord.http - WARNING - We are being rate limited. PATCH https://discord.com/api/v10/channels/1475561442647347201/messages/1481967916042948732 responded with 429. Retrying in 2.46 seconds.
2026-03-14 08:06:47,788 - discord.http - WARNING - We are being rate limited. PATCH https://discord.com/api/v10/channels/1475561442647347201/messages/1481967916042948732 responded with 429. Retrying in 1.62 seconds.
2026-03-14 08:11:47,268 - discord.http - WARNING - We are being rate limited. PATCH https://discord.com/api/v10/channels/1475561442647347201/messages/1481967916042948732 responded with 429. Retrying in 2.41 seconds.
2026-03-14 08:16:47,125 - discord.http - WARNING - We are being rate limited. PATCH https://discord.com/api/v10/channels/1475561442647347201/messages/1481967916042948732 responded with 429. Retrying in 2.50 seconds.
2026-03-14 08:20:04,544 - discord.gateway - INFO - Shard ID None has successfully RESUMED session 7858d301de007290271fb711be9086fe.
2026-03-14 08:21:47,100 - discord.http - WARNING - We are being rate limited. PATCH https://discord.com/api/v10/channels/1475561442647347201/messages/1481967916042948732 responded with 429. Retrying in 2.30 seconds.
2026-03-14 08:26:47,527 - discord.http - WARNING - We are being rate limited. PATCH https://discord.com/api/v10/channels/1475561442647347201/messages/1481967916042948732 responded with 429. Retrying in 2.01 seconds.
2026-03-14 08:31:47,373 - discord.http - WARNING - We are being rate limited. PATCH https://discord.com/api/v10/channels/1475561442647347201/messages/1481967916042948732 responded with 429. Retrying in 2.17 seconds.
2026-03-14 08:36:47,163 - discord.http - WARNING - We are being rate limited. PATCH https://discord.com/api/v10/channels/1475561442647347201/messages/1481967916042948732 responded with 429. Retrying in 2.25 seconds.
2026-03-14 08:41:47,474 - discord.http - WARNING - We are being rate limited. PATCH https://discord.com/api/v10/channels/1475561442647347201/messages/1481967916042948732 responded with 429. Retrying in 2.21 seconds.
2026-03-14 08:43:04,732 - discord.gateway - INFO - Shard ID None has successfully RESUMED session 7858d301de007290271fb711be9086fe.
2026-03-14 08:46:47,106 - discord.http - WARNING - We are being rate limited. PATCH https://discord.com/api/v10/channels/1475561442647347201/messages/1481967916042948732 responded with 429. Retrying in 2.32 seconds.
2026-03-14 08:51:47,068 - discord.http - WARNING - We are being rate limited. PATCH https://discord.com/api/v10/channels/1475561442647347201/messages/1481967916042948732 responded with 429. Retrying in 2.39 seconds.
2026-03-14 08:56:46,916 - discord.http - WARNING - We are being rate limited. PATCH https://discord.com/api/v10/channels/1475561442647347201/messages/1481967916042948732 responded with 429. Retrying in 2.31 seconds.
2026-03-14 09:01:47,111 - discord.http - WARNING - We are being rate limited. PATCH https://discord.com/api/v10/channels/1475561442647347201/messages/1481967916042948732 responded with 429. Retrying in 2.28 seconds.
2026-03-14 09:06:48,056 - discord.http - WARNING - We are being rate limited. PATCH https://discord.com/api/v10/channels/1475561442647347201/messages/1481967916042948732 responded with 429. Retrying in 2.26 seconds.
2026-03-14 09:11:47,096 - discord.http - WARNING - We are being rate limited. PATCH https://discord.com/api/v10/channels/1475561442647347201/messages/1481967916042948732 responded with 429. Retrying in 2.19 seconds.
2026-03-14 09:16:48,443 - discord.http - WARNING - We are being rate limited. PATCH https://discord.com/api/v10/channels/1475561442647347201/messages/1481967916042948732 responded with 429. Retrying in 1.42 seconds.
2026-03-14 09:21:47,228 - discord.http - WARNING - We are being rate limited. PATCH https://discord.com/api/v10/channels/1475561442647347201/messages/1481967916042948732 responded with 429. Retrying in 2.37 seconds.
2026-03-14 09:26:49,649 - discord.http - WARNING - We are being rate limited. PATCH https://discord.com/api/v10/channels/1475561442647347201/messages/1481967916042948732 responded with 429. Retrying in 0.30 seconds.
2026-03-14 09:31:47,330 - discord.http - WARNING - We are being rate limited. PATCH https://discord.com/api/v10/channels/1475561442647347201/messages/1481967916042948732 responded with 429. Retrying in 2.25 seconds.
2026-03-14 09:36:47,406 - discord.http - WARNING - We are being rate limited. PATCH https://discord.com/api/v10/channels/1475561442647347201/messages/1481967916042948732 responded with 429. Retrying in 2.20 seconds.
2026-03-14 09:41:47,207 - discord.http - WARNING - We are being rate limited. PATCH https://discord.com/api/v10/channels/1475561442647347201/messages/1481967916042948732 responded with 429. Retrying in 2.35 seconds.
2026-03-14 09:46:47,420 - discord.http - WARNING - We are being rate limited. PATCH https://discord.com/api/v10/channels/1475561442647347201/messages/1481967916042948732 responded with 429. Retrying in 2.17 seconds.
2026-03-14 09:51:47,429 - discord.http - WARNING - We are being rate limited. PATCH https://discord.com/api/v10/channels/1475561442647347201/messages/1481967916042948732 responded with 429. Retrying in 2.17 seconds.
2026-03-14 09:56:47,172 - discord.http - WARNING - We are being rate limited. PATCH https://discord.com/api/v10/channels/1475561442647347201/messages/1481967916042948732 responded with 429. Retrying in 2.25 seconds.
2026-03-14 10:01:48,107 - discord.http - WARNING - We are being rate limited. PATCH https://discord.com/api/v10/channels/1475561442647347201/messages/1481967916042948732 responded with 429. Retrying in 1.53 seconds.
2026-03-14 10:06:47,393 - discord.http - WARNING - We are being rate limited. PATCH https://discord.com/api/v10/channels/1475561442647347201/messages/1481967916042948732 responded with 429. Retrying in 2.01 seconds.
2026-03-14 10:11:47,272 - discord.http - WARNING - We are being rate limited. PATCH https://discord.com/api/v10/channels/1475561442647347201/messages/1481967916042948732 responded with 429. Retrying in 2.13 seconds.
2026-03-14 10:16:47,692 - discord.http - WARNING - We are being rate limited. PATCH https://discord.com/api/v10/channels/1475561442647347201/messages/1481967916042948732 responded with 429. Retrying in 1.78 seconds.
2026-03-14 10:21:48,839 - discord.http - WARNING - We are being rate limited. PATCH https://discord.com/api/v10/channels/1475561442647347201/messages/1481967916042948732 responded with 429. Retrying in 0.73 seconds.
2026-03-14 10:26:47,956 - discord.http - WARNING - We are being rate limited. PATCH https://discord.com/api/v10/channels/1475561442647347201/messages/1481967916042948732 responded with 429. Retrying in 2.16 seconds.
2026-03-14 10:27:48,698 - discord.http - WARNING - We are being rate limited. PATCH https://discord.com/api/v10/channels/1475561442647347201/messages/1481967916042948732 responded with 429. Retrying in 2.12 seconds.
2026-03-14 10:31:48,113 - discord.http - WARNING - We are being rate limited. PATCH https://discord.com/api/v10/channels/1475561442647347201/messages/1481967916042948732 responded with 429. Retrying in 2.14 seconds.
2026-03-14 10:36:48,481 - discord.http - WARNING - We are being rate limited. PATCH https://discord.com/api/v10/channels/1475561442647347201/messages/1481967916042948732 responded with 429. Retrying in 2.08 seconds.
2026-03-14 10:41:48,116 - discord.http - WARNING - We are being rate limited. PATCH https://discord.com/api/v10/channels/1475561442647347201/messages/1481967916042948732 responded with 429. Retrying in 2.10 seconds.
2026-03-14 10:46:48,166 - discord.http - WARNING - We are being rate limited. PATCH https://discord.com/api/v10/channels/1475561442647347201/messages/1481967916042948732 responded with 429. Retrying in 2.34 seconds.
2026-03-14 10:51:48,441 - discord.http - WARNING - We are being rate limited. PATCH https://discord.com/api/v10/channels/1475561442647347201/messages/1481967916042948732 responded with 429. Retrying in 2.17 seconds.
2026-03-14 10:56:49,248 - discord.http - WARNING - We are being rate limited. PATCH https://discord.com/api/v10/channels/1475561442647347201/messages/1481967916042948732 responded with 429. Retrying in 1.54 seconds.
2026-03-14 11:01:48,634 - discord.http - WARNING - We are being rate limited. PATCH https://discord.com/api/v10/channels/1475561442647347201/messages/1481967916042948732 responded with 429. Retrying in 2.08 seconds.
2026-03-14 11:06:48,639 - discord.http - WARNING - We are being rate limited. PATCH https://discord.com/api/v10/channels/1475561442647347201/messages/1481967916042948732 responded with 429. Retrying in 2.10 seconds.
2026-03-14 11:11:48,433 - discord.http - WARNING - We are being rate limited. PATCH https://discord.com/api/v10/channels/1475561442647347201/messages/1481967916042948732 responded with 429. Retrying in 2.20 seconds.
2026-03-14 11:16:48,191 - discord.http - WARNING - We are being rate limited. PATCH https://discord.com/api/v10/channels/1475561442647347201/messages/1481967916042948732 responded with 429. Retrying in 2.42 seconds.
2026-03-14 11:17:39,718 - discord.gateway - INFO - Shard ID None has successfully RESUMED session 7858d301de007290271fb711be9086fe.
2026-03-14 11:19:13,564 - discord.http - WARNING - We are being rate limited. PATCH https://discord.com/api/v10/channels/1475561442647347201/messages/1481967916042948732 responded with 429. Retrying in 2.45 seconds.
2026-03-14 11:21:47,569 - discord.http - WARNING - We are being rate limited. PATCH https://discord.com/api/v10/channels/1475561442647347201/messages/1481967916042948732 responded with 429. Retrying in 1.86 seconds.
2026-03-14 11:26:47,696 - discord.http - WARNING - We are being rate limited. PATCH https://discord.com/api/v10/channels/1475561442647347201/messages/1481967916042948732 responded with 429. Retrying in 1.77 seconds.
2026-03-14 11:31:47,586 - discord.http - WARNING - We are being rate limited. PATCH https://discord.com/api/v10/channels/1475561442647347201/messages/1481967916042948732 responded with 429. Retrying in 2.30 seconds.
2026-03-14 11:36:46,926 - discord.http - WARNING - We are being rate limited. PATCH https://discord.com/api/v10/channels/1475561442647347201/messages/1481967916042948732 responded with 429. Retrying in 2.35 seconds.
2026-03-14 11:41:47,375 - discord.http - WARNING - We are being rate limited. PATCH https://discord.com/api/v10/channels/1475561442647347201/messages/1481967916042948732 responded with 429. Retrying in 2.00 seconds.
2026-03-14 11:46:47,354 - discord.http - WARNING - We are being rate limited. PATCH https://discord.com/api/v10/channels/1475561442647347201/messages/1481967916042948732 responded with 429. Retrying in 2.01 seconds.
2026-03-14 11:51:47,232 - discord.http - WARNING - We are being rate limited. PATCH https://discord.com/api/v10/channels/1475561442647347201/messages/1481967916042948732 responded with 429. Retrying in 2.14 seconds.
2026-03-14 11:56:47,312 - discord.http - WARNING - We are being rate limited. PATCH https://discord.com/api/v10/channels/1475561442647347201/messages/1481967916042948732 responded with 429. Retrying in 2.15 seconds.
2026-03-14 12:01:47,142 - discord.http - WARNING - We are being rate limited. PATCH https://discord.com/api/v10/channels/1475561442647347201/messages/1481967916042948732 responded with 429. Retrying in 2.24 seconds.
2026-03-14 12:06:06,947 - discord.gateway - INFO - Shard ID None has successfully RESUMED session 7858d301de007290271fb711be9086fe.
2026-03-14 12:06:47,291 - discord.http - WARNING - We are being rate limited. PATCH https://discord.com/api/v10/channels/1475561442647347201/messages/1481967916042948732 responded with 429. Retrying in 2.26 seconds.
2026-03-14 12:11:47,801 - discord.http - WARNING - We are being rate limited. PATCH https://discord.com/api/v10/channels/1475561442647347201/messages/1481967916042948732 responded with 429. Retrying in 2.19 seconds.
2026-03-14 12:16:47,396 - discord.http - WARNING - We are being rate limited. PATCH https://discord.com/api/v10/channels/1475561442647347201/messages/1481967916042948732 responded with 429. Retrying in 2.44 seconds.
2026-03-14 12:21:48,273 - discord.http - WARNING - We are being rate limited. PATCH https://discord.com/api/v10/channels/1475561442647347201/messages/1481967916042948732 responded with 429. Retrying in 1.69 seconds.
2026-03-14 12:26:47,059 - discord.http - WARNING - We are being rate limited. PATCH https://discord.com/api/v10/channels/1475561442647347201/messages/1481967916042948732 responded with 429. Retrying in 2.31 seconds.
2026-03-14 12:31:47,186 - discord.http - WARNING - We are being rate limited. PATCH https://discord.com/api/v10/channels/1475561442647347201/messages/1481967916042948732 responded with 429. Retrying in 2.31 seconds.
2026-03-14 12:36:47,304 - discord.http - WARNING - We are being rate limited. PATCH https://discord.com/api/v10/channels/1475561442647347201/messages/1481967916042948732 responded with 429. Retrying in 2.22 seconds.
2026-03-14 12:38:07,154 - discord.gateway - INFO - Shard ID None has successfully RESUMED session 7858d301de007290271fb711be9086fe.
2026-03-14 12:41:47,346 - discord.http - WARNING - We are being rate limited. PATCH https://discord.com/api/v10/channels/1475561442647347201/messages/1481967916042948732 responded with 429. Retrying in 2.15 seconds.
2026-03-14 12:46:47,113 - discord.http - WARNING - We are being rate limited. PATCH https://discord.com/api/v10/channels/1475561442647347201/messages/1481967916042948732 responded with 429. Retrying in 2.37 seconds.
2026-03-14 12:51:48,508 - discord.http - WARNING - We are being rate limited. PATCH https://discord.com/api/v10/channels/1475561442647347201/messages/1481967916042948732 responded with 429. Retrying in 0.94 seconds.
2026-03-14 12:56:47,546 - discord.http - WARNING - We are being rate limited. PATCH https://discord.com/api/v10/channels/1475561442647347201/messages/1481967916042948732 responded with 429. Retrying in 1.97 seconds.
2026-03-14 13:01:47,224 - discord.http - WARNING - We are being rate limited. PATCH https://discord.com/api/v10/channels/1475561442647347201/messages/1481967916042948732 responded with 429. Retrying in 2.18 seconds.
2026-03-14 13:06:47,322 - discord.http - WARNING - We are being rate limited. PATCH https://discord.com/api/v10/channels/1475561442647347201/messages/1481967916042948732 responded with 429. Retrying in 2.56 seconds.
2026-03-14 13:11:47,418 - discord.http - WARNING - We are being rate limited. PATCH https://discord.com/api/v10/channels/1475561442647347201/messages/1481967916042948732 responded with 429. Retrying in 2.52 seconds.
2026-03-14 13:16:47,588 - discord.http - WARNING - We are being rate limited. PATCH https://discord.com/api/v10/channels/1475561442647347201/messages/1481967916042948732 responded with 429. Retrying in 2.32 seconds.
2026-03-14 13:21:47,656 - discord.http - WARNING - We are being rate limited. PATCH https://discord.com/api/v10/channels/1475561442647347201/messages/1481967916042948732 responded with 429. Retrying in 2.24 seconds.
2026-03-14 13:26:47,356 - discord.http - WARNING - We are being rate limited. PATCH https://discord.com/api/v10/channels/1475561442647347201/messages/1481967916042948732 responded with 429. Retrying in 2.48 seconds.
2026-03-14 13:31:47,334 - discord.http - WARNING - We are being rate limited. PATCH https://discord.com/api/v10/channels/1475561442647347201/messages/1481967916042948732 responded with 429. Retrying in 2.51 seconds.
2026-03-14 13:36:47,120 - discord.http - WARNING - We are being rate limited. PATCH https://discord.com/api/v10/channels/1475561442647347201/messages/1481967916042948732 responded with 429. Retrying in 2.23 seconds.
2026-03-14 13:41:47,484 - discord.http - WARNING - We are being rate limited. PATCH https://discord.com/api/v10/channels/1475561442647347201/messages/1481967916042948732 responded with 429. Retrying in 1.80 seconds.
2026-03-14 13:46:47,857 - discord.http - WARNING - We are being rate limited. PATCH https://discord.com/api/v10/channels/1475561442647347201/messages/1481967916042948732 responded with 429. Retrying in 1.51 seconds.
2026-03-14 13:51:46,910 - discord.http - WARNING - We are being rate limited. PATCH https://discord.com/api/v10/channels/1475561442647347201/messages/1481967916042948732 responded with 429. Retrying in 2.37 seconds.
2026-03-14 13:56:47,075 - discord.http - WARNING - We are being rate limited. PATCH https://discord.com/api/v10/channels/1475561442647347201/messages/1481967916042948732 responded with 429. Retrying in 2.25 seconds.
2026-03-14 14:01:46,953 - discord.http - WARNING - We are being rate limited. PATCH https://discord.com/api/v10/channels/1475561442647347201/messages/1481967916042948732 responded with 429. Retrying in 2.35 seconds.
2026-03-14 14:06:46,823 - discord.http - WARNING - We are being rate limited. PATCH https://discord.com/api/v10/channels/1475561442647347201/messages/1481967916042948732 responded with 429. Retrying in 2.42 seconds.
2026-03-14 14:11:47,246 - discord.http - WARNING - We are being rate limited. PATCH https://discord.com/api/v10/channels/1475561442647347201/messages/1481967916042948732 responded with 429. Retrying in 2.10 seconds.
2026-03-14 14:16:46,925 - discord.http - WARNING - We are being rate limited. PATCH https://discord.com/api/v10/channels/1475561442647347201/messages/1481967916042948732 responded with 429. Retrying in 2.41 seconds.
2026-03-14 14:21:47,142 - discord.http - WARNING - We are being rate limited. PATCH https://discord.com/api/v10/channels/1475561442647347201/messages/1481967916042948732 responded with 429. Retrying in 2.26 seconds.
2026-03-14 14:26:46,994 - discord.http - WARNING - We are being rate limited. PATCH https://discord.com/api/v10/channels/1475561442647347201/messages/1481967916042948732 responded with 429. Retrying in 2.41 seconds.
2026-03-14 14:28:29,919 - discord.gateway - INFO - Shard ID None has successfully RESUMED session 7858d301de007290271fb711be9086fe.
2026-03-14 14:31:47,239 - discord.http - WARNING - We are being rate limited. PATCH https://discord.com/api/v10/channels/1475561442647347201/messages/1481967916042948732 responded with 429. Retrying in 2.25 seconds.
2026-03-14 14:36:46,985 - discord.http - WARNING - We are being rate limited. PATCH https://discord.com/api/v10/channels/1475561442647347201/messages/1481967916042948732 responded with 429. Retrying in 2.44 seconds.
2026-03-14 14:40:17,516 - DkatanaBot - INFO - 👤 iambarrie. ditandakan untuk dipadam
2026-03-14 14:41:47,042 - discord.http - WARNING - We are being rate limited. PATCH https://discord.com/api/v10/channels/1475561442647347201/messages/1481967916042948732 responded with 429. Retrying in 2.41 seconds.
2026-03-14 14:46:47,477 - discord.http - WARNING - We are being rate limited. PATCH https://discord.com/api/v10/channels/1475561442647347201/messages/1481967916042948732 responded with 429. Retrying in 2.01 seconds.
2026-03-14 14:51:48,816 - discord.http - WARNING - We are being rate limited. PATCH https://discord.com/api/v10/channels/1475561442647347201/messages/1481967916042948732 responded with 429. Retrying in 0.85 seconds.
2026-03-14 14:56:47,438 - discord.http - WARNING - We are being rate limited. PATCH https://discord.com/api/v10/channels/1475561442647347201/messages/1481967916042948732 responded with 429. Retrying in 2.35 seconds.
2026-03-14 15:01:48,169 - discord.http - WARNING - We are being rate limited. PATCH https://discord.com/api/v10/channels/1475561442647347201/messages/1481967916042948732 responded with 429. Retrying in 1.99 seconds.
2026-03-14 15:06:46,944 - discord.http - WARNING - We are being rate limited. PATCH https://discord.com/api/v10/channels/1475561442647347201/messages/1481967916042948732 responded with 429. Retrying in 2.49 seconds.
2026-03-14 15:11:47,248 - discord.http - WARNING - We are being rate limited. PATCH https://discord.com/api/v10/channels/1475561442647347201/messages/1481967916042948732 responded with 429. Retrying in 2.20 seconds.
2026-03-14 15:12:03,377 - discord.http - WARNING - We are being rate limited. PATCH https://discord.com/api/v10/channels/1475561442647347201/messages/1481967908572762225 responded with 429. Retrying in 4.08 seconds.
2026-03-14 15:12:08,852 - discord.http - WARNING - We are being rate limited. PATCH https://discord.com/api/v10/channels/1475561442647347201/messages/1481967916042948732 responded with 429. Retrying in 4.60 seconds.
2026-03-14 15:16:47,714 - discord.http - WARNING - We are being rate limited. PATCH https://discord.com/api/v10/channels/1475561442647347201/messages/1481967916042948732 responded with 429. Retrying in 2.39 seconds.
2026-03-14 15:21:47,670 - discord.http - WARNING - We are being rate limited. PATCH https://discord.com/api/v10/channels/1475561442647347201/messages/1481967916042948732 responded with 429. Retrying in 2.21 seconds.
2026-03-14 15:26:47,362 - discord.http - WARNING - We are being rate limited. PATCH https://discord.com/api/v10/channels/1475561442647347201/messages/1481967916042948732 responded with 429. Retrying in 2.23 seconds.
2026-03-14 15:31:46,978 - discord.http - WARNING - We are being rate limited. PATCH https://discord.com/api/v10/channels/1475561442647347201/messages/1481967916042948732 responded with 429. Retrying in 2.43 seconds.
2026-03-14 15:36:47,457 - discord.http - WARNING - We are being rate limited. PATCH https://discord.com/api/v10/channels/1475561442647347201/messages/1481967916042948732 responded with 429. Retrying in 2.22 seconds.
2026-03-14 15:41:47,106 - discord.http - WARNING - We are being rate limited. PATCH https://discord.com/api/v10/channels/1475561442647347201/messages/1481967916042948732 responded with 429. Retrying in 2.37 seconds.
2026-03-14 15:46:47,724 - discord.http - WARNING - We are being rate limited. PATCH https://discord.com/api/v10/channels/1475561442647347201/messages/1481967916042948732 responded with 429. Retrying in 1.79 seconds.
2026-03-14 15:51:47,234 - discord.http - WARNING - We are being rate limited. PATCH https://discord.com/api/v10/channels/1475561442647347201/messages/1481967916042948732 responded with 429. Retrying in 2.29 seconds.
2026-03-14 15:56:47,340 - discord.http - WARNING - We are being rate limited. PATCH https://discord.com/api/v10/channels/1475561442647347201/messages/1481967916042948732 responded with 429. Retrying in 2.03 seconds.
2026-03-14 16:01:46,947 - discord.http - WARNING - We are being rate limited. PATCH https://discord.com/api/v10/channels/1475561442647347201/messages/1481967916042948732 responded with 429. Retrying in 2.42 seconds.
2026-03-14 16:02:03,623 - discord.http - WARNING - We are being rate limited. PATCH https://discord.com/api/v10/channels/1475561442647347201/messages/1481967908572762225 responded with 429. Retrying in 3.74 seconds.
2026-03-14 16:02:08,892 - discord.http - WARNING - We are being rate limited. PATCH https://discord.com/api/v10/channels/1475561442647347201/messages/1481967916042948732 responded with 429. Retrying in 4.47 seconds.
2026-03-14 16:02:28,020 - discord.http - WARNING - We are being rate limited. PATCH https://discord.com/api/v10/channels/1475561442647347201/messages/1481967908572762225 responded with 429. Retrying in 3.35 seconds.
2026-03-14 16:02:32,898 - discord.http - WARNING - We are being rate limited. PATCH https://discord.com/api/v10/channels/1475561442647347201/messages/1481967916042948732 responded with 429. Retrying in 4.48 seconds.
2026-03-14 16:06:47,297 - discord.http - WARNING - We are being rate limited. PATCH https://discord.com/api/v10/channels/1475561442647347201/messages/1481967916042948732 responded with 429. Retrying in 2.19 seconds.
2026-03-14 16:11:47,745 - discord.http - WARNING - We are being rate limited. PATCH https://discord.com/api/v10/channels/1475561442647347201/messages/1481967916042948732 responded with 429. Retrying in 2.05 seconds.
2026-03-14 16:13:23,519 - discord.http - WARNING - We are being rate limited. PATCH https://discord.com/api/v10/channels/1475561442647347201/messages/1481967916042948732 responded with 429. Retrying in 2.27 seconds.
2026-03-14 16:16:47,939 - discord.http - WARNING - We are being rate limited. PATCH https://discord.com/api/v10/channels/1475561442647347201/messages/1481967916042948732 responded with 429. Retrying in 2.27 seconds.
2026-03-14 16:21:47,514 - discord.http - WARNING - We are being rate limited. PATCH https://discord.com/api/v10/channels/1475561442647347201/messages/1481967916042948732 responded with 429. Retrying in 2.27 seconds.
2026-03-14 16:26:47,652 - discord.http - WARNING - We are being rate limited. PATCH https://discord.com/api/v10/channels/1475561442647347201/messages/1481967916042948732 responded with 429. Retrying in 2.14 seconds.
2026-03-14 16:31:47,417 - discord.http - WARNING - We are being rate limited. PATCH https://discord.com/api/v10/channels/1475561442647347201/messages/1481967916042948732 responded with 429. Retrying in 2.23 seconds.
2026-03-14 16:36:47,141 - discord.http - WARNING - We are being rate limited. PATCH https://discord.com/api/v10/channels/1475561442647347201/messages/1481967916042948732 responded with 429. Retrying in 2.46 seconds.
2026-03-14 16:41:47,320 - discord.http - WARNING - We are being rate limited. PATCH https://discord.com/api/v10/channels/1475561442647347201/messages/1481967916042948732 responded with 429. Retrying in 2.31 seconds.
2026-03-14 16:46:48,231 - discord.http - WARNING - We are being rate limited. PATCH https://discord.com/api/v10/channels/1475561442647347201/messages/1481967916042948732 responded with 429. Retrying in 1.37 seconds.
2026-03-14 16:51:48,050 - discord.http - WARNING - We are being rate limited. PATCH https://discord.com/api/v10/channels/1475561442647347201/messages/1481967916042948732 responded with 429. Retrying in 1.64 seconds.
2026-03-14 16:56:49,459 - discord.http - WARNING - We are being rate limited. PATCH https://discord.com/api/v10/channels/1475561442647347201/messages/1481967916042948732 responded with 429. Retrying in 0.30 seconds.
2026-03-14 17:01:47,872 - discord.http - WARNING - We are being rate limited. PATCH https://discord.com/api/v10/channels/1475561442647347201/messages/1481967916042948732 responded with 429. Retrying in 2.08 seconds.
2026-03-14 17:06:47,802 - discord.http - WARNING - We are being rate limited. PATCH https://discord.com/api/v10/channels/1475561442647347201/messages/1481967916042948732 responded with 429. Retrying in 2.00 seconds.
2026-03-14 17:11:48,106 - discord.http - WARNING - We are being rate limited. PATCH https://discord.com/api/v10/channels/1475561442647347201/messages/1481967916042948732 responded with 429. Retrying in 1.94 seconds.
2026-03-14 17:15:18,528 - discord.http - WARNING - We are being rate limited. PATCH https://discord.com/api/v10/channels/1475561442647347201/messages/1481967916042948732 responded with 429. Retrying in 2.39 seconds.
2026-03-14 17:15:36,443 - discord.http - WARNING - We are being rate limited. PATCH https://discord.com/api/v10/channels/1475561442647347201/messages/1481967908572762225 responded with 429. Retrying in 2.47 seconds.
2026-03-14 17:15:40,711 - discord.http - WARNING - We are being rate limited. PATCH https://discord.com/api/v10/channels/1475561442647347201/messages/1481967916042948732 responded with 429. Retrying in 4.21 seconds.
2026-03-14 17:16:47,573 - discord.http - WARNING - We are being rate limited. PATCH https://discord.com/api/v10/channels/1475561442647347201/messages/1481967916042948732 responded with 429. Retrying in 2.12 seconds.
2026-03-14 17:17:04,172 - discord.http - WARNING - We are being rate limited. PATCH https://discord.com/api/v10/channels/1475561442647347201/messages/1481967908572762225 responded with 429. Retrying in 3.55 seconds.
2026-03-14 17:17:09,315 - discord.http - WARNING - We are being rate limited. PATCH https://discord.com/api/v10/channels/1475561442647347201/messages/1481967916042948732 responded with 429. Retrying in 4.38 seconds.
2026-03-14 17:17:30,238 - discord.http - WARNING - We are being rate limited. PATCH https://discord.com/api/v10/channels/1475561442647347201/messages/1481967908572762225 responded with 429. Retrying in 1.45 seconds.
2026-03-14 17:17:33,171 - discord.http - WARNING - We are being rate limited. PATCH https://discord.com/api/v10/channels/1475561442647347201/messages/1481967916042948732 responded with 429. Retrying in 4.52 seconds.
2026-03-14 17:17:53,408 - discord.http - WARNING - We are being rate limited. PATCH https://discord.com/api/v10/channels/1475561442647347201/messages/1481967908572762225 responded with 429. Retrying in 2.29 seconds.
2026-03-14 17:17:57,531 - discord.http - WARNING - We are being rate limited. PATCH https://discord.com/api/v10/channels/1475561442647347201/messages/1481967916042948732 responded with 429. Retrying in 4.16 seconds.
2026-03-14 17:18:19,010 - discord.http - WARNING - We are being rate limited. PATCH https://discord.com/api/v10/channels/1475561442647347201/messages/1481967908572762225 responded with 429. Retrying in 0.68 seconds.
2026-03-14 17:18:21,151 - discord.http - WARNING - We are being rate limited. PATCH https://discord.com/api/v10/channels/1475561442647347201/messages/1481967916042948732 responded with 429. Retrying in 4.54 seconds.
2026-03-14 17:18:41,191 - discord.http - WARNING - We are being rate limited. PATCH https://discord.com/api/v10/channels/1475561442647347201/messages/1481967908572762225 responded with 429. Retrying in 2.49 seconds.
2026-03-14 17:18:45,570 - discord.http - WARNING - We are being rate limited. PATCH https://discord.com/api/v10/channels/1475561442647347201/messages/1481967916042948732 responded with 429. Retrying in 4.12 seconds.
2026-03-14 17:19:04,841 - discord.http - WARNING - We are being rate limited. PATCH https://discord.com/api/v10/channels/1475561442647347201/messages/1481967908572762225 responded with 429. Retrying in 2.84 seconds.
2026-03-14 17:19:09,664 - discord.http - WARNING - We are being rate limited. PATCH https://discord.com/api/v10/channels/1475561442647347201/messages/1481967916042948732 responded with 429. Retrying in 4.03 seconds.
2026-03-14 17:19:29,774 - discord.http - WARNING - We are being rate limited. PATCH https://discord.com/api/v10/channels/1475561442647347201/messages/1481967908572762225 responded with 429. Retrying in 1.91 seconds.
2026-03-14 17:19:33,137 - discord.http - WARNING - We are being rate limited. PATCH https://discord.com/api/v10/channels/1475561442647347201/messages/1481967916042948732 responded with 429. Retrying in 4.55 seconds.
2026-03-14 17:21:47,988 - discord.http - WARNING - We are being rate limited. PATCH https://discord.com/api/v10/channels/1475561442647347201/messages/1481967916042948732 responded with 429. Retrying in 2.15 seconds.
2026-03-14 17:22:24,685 - discord.http - WARNING - We are being rate limited. PATCH https://discord.com/api/v10/channels/1475561442647347201/messages/1481967916042948732 responded with 429. Retrying in 2.15 seconds.
2026-03-14 17:23:01,347 - discord.http - WARNING - We are being rate limited. PATCH https://discord.com/api/v10/channels/1475561442647347201/messages/1481967916042948732 responded with 429. Retrying in 2.28 seconds.
2026-03-14 17:23:24,921 - discord.http - WARNING - We are being rate limited. PATCH https://discord.com/api/v10/channels/1475561442647347201/messages/1481967916042948732 responded with 429. Retrying in 2.70 seconds.
2026-03-14 17:26:47,597 - discord.http - WARNING - We are being rate limited. PATCH https://discord.com/api/v10/channels/1475561442647347201/messages/1481967916042948732 responded with 429. Retrying in 2.13 seconds.
2026-03-14 17:31:47,478 - discord.http - WARNING - We are being rate limited. PATCH https://discord.com/api/v10/channels/1475561442647347201/messages/1481967916042948732 responded with 429. Retrying in 2.28 seconds.
2026-03-14 17:33:33,275 - discord.http - WARNING - We are being rate limited. PATCH https://discord.com/api/v10/channels/1475561442647347201/messages/1481967916042948732 responded with 429. Retrying in 2.46 seconds.
2026-03-14 17:33:52,571 - discord.http - WARNING - We are being rate limited. PATCH https://discord.com/api/v10/channels/1475561442647347201/messages/1481967908572762225 responded with 429. Retrying in 1.16 seconds.
2026-03-14 17:33:55,290 - discord.http - WARNING - We are being rate limited. PATCH https://discord.com/api/v10/channels/1475561442647347201/messages/1481967916042948732 responded with 429. Retrying in 4.44 seconds.
2026-03-14 17:34:15,524 - discord.http - WARNING - We are being rate limited. PATCH https://discord.com/api/v10/channels/1475561442647347201/messages/1481967908572762225 responded with 429. Retrying in 2.20 seconds.
2026-03-14 17:34:19,496 - discord.http - WARNING - We are being rate limited. PATCH https://discord.com/api/v10/channels/1475561442647347201/messages/1481967916042948732 responded with 429. Retrying in 4.23 seconds.
2026-03-14 17:34:38,362 - discord.http - WARNING - We are being rate limited. PATCH https://discord.com/api/v10/channels/1475561442647347201/messages/1481967908572762225 responded with 429. Retrying in 3.37 seconds.
2026-03-14 17:34:43,479 - discord.http - WARNING - We are being rate limited. PATCH https://discord.com/api/v10/channels/1475561442647347201/messages/1481967916042948732 responded with 429. Retrying in 4.25 seconds.
2026-03-14 17:36:47,797 - discord.http - WARNING - We are being rate limited. PATCH https://discord.com/api/v10/channels/1475561442647347201/messages/1481967916042948732 responded with 429. Retrying in 1.92 seconds.
2026-03-14 17:41:39,214 - discord.http - WARNING - We are being rate limited. PATCH https://discord.com/api/v10/channels/1475561442647347201/messages/1481967916042948732 responded with 429. Retrying in 2.08 seconds.
2026-03-14 17:41:55,288 - discord.http - WARNING - We are being rate limited. PATCH https://discord.com/api/v10/channels/1475561442647347201/messages/1481967908572762225 responded with 429. Retrying in 4.00 seconds.
2026-03-14 17:42:00,866 - discord.http - WARNING - We are being rate limited. PATCH https://discord.com/api/v10/channels/1475561442647347201/messages/1481967916042948732 responded with 429. Retrying in 4.44 seconds.
2026-03-14 17:44:13,245 - discord.gateway - INFO - Shard ID None has successfully RESUMED session 7858d301de007290271fb711be9086fe.
2026-03-14 17:46:47,659 - discord.http - WARNING - We are being rate limited. PATCH https://discord.com/api/v10/channels/1475561442647347201/messages/1481967916042948732 responded with 429. Retrying in 1.92 seconds.
2026-03-14 17:47:40,816 - discord.http - WARNING - We are being rate limited. PATCH https://discord.com/api/v10/channels/1475561442647347201/messages/1481967916042948732 responded with 429. Retrying in 2.23 seconds.
2026-03-14 17:51:47,622 - discord.http - WARNING - We are being rate limited. PATCH https://discord.com/api/v10/channels/1475561442647347201/messages/1481967916042948732 responded with 429. Retrying in 2.41 seconds.
2026-03-14 17:56:47,648 - discord.http - WARNING - We are being rate limited. PATCH https://discord.com/api/v10/channels/1475561442647347201/messages/1481967916042948732 responded with 429. Retrying in 2.20 seconds.
2026-03-14 18:01:47,710 - discord.http - WARNING - We are being rate limited. PATCH https://discord.com/api/v10/channels/1475561442647347201/messages/1481967916042948732 responded with 429. Retrying in 1.91 seconds.
2026-03-14 18:06:47,283 - discord.http - WARNING - We are being rate limited. PATCH https://discord.com/api/v10/channels/1475561442647347201/messages/1481967916042948732 responded with 429. Retrying in 1.79 seconds.
2026-03-14 18:07:02,937 - discord.http - WARNING - We are being rate limited. PATCH https://discord.com/api/v10/channels/1475561442647347201/messages/1481967908572762225 responded with 429. Retrying in 4.11 seconds.
2026-03-14 18:07:08,454 - discord.http - WARNING - We are being rate limited. PATCH https://discord.com/api/v10/channels/1475561442647347201/messages/1481967916042948732 responded with 429. Retrying in 4.59 seconds.
2026-03-14 18:07:47,385 - discord.http - WARNING - We are being rate limited. PATCH https://discord.com/api/v10/channels/1475561442647347201/messages/1481967916042948732 responded with 429. Retrying in 2.23 seconds.
2026-03-14 18:11:48,306 - discord.http - WARNING - We are being rate limited. PATCH https://discord.com/api/v10/channels/1475561442647347201/messages/1481967916042948732 responded with 429. Retrying in 1.60 seconds.
2026-03-14 18:16:48,638 - discord.http - WARNING - We are being rate limited. PATCH https://discord.com/api/v10/channels/1475561442647347201/messages/1481967916042948732 responded with 429. Retrying in 1.81 seconds.
2026-03-14 18:21:48,076 - discord.http - WARNING - We are being rate limited. PATCH https://discord.com/api/v10/channels/1475561442647347201/messages/1481967916042948732 responded with 429. Retrying in 2.04 seconds.
2026-03-14 18:26:47,728 - discord.http - WARNING - We are being rate limited. PATCH https://discord.com/api/v10/channels/1475561442647347201/messages/1481967916042948732 responded with 429. Retrying in 2.38 seconds.
2026-03-14 18:31:47,797 - discord.http - WARNING - We are being rate limited. PATCH https://discord.com/api/v10/channels/1475561442647347201/messages/1481967916042948732 responded with 429. Retrying in 2.27 seconds.
2026-03-14 18:36:47,961 - discord.http - WARNING - We are being rate limited. PATCH https://discord.com/api/v10/channels/1475561442647347201/messages/1481967916042948732 responded with 429. Retrying in 2.15 seconds.
2026-03-14 18:41:47,768 - discord.http - WARNING - We are being rate limited. PATCH https://discord.com/api/v10/channels/1475561442647347201/messages/1481967916042948732 responded with 429. Retrying in 2.36 seconds.
2026-03-14 18:46:48,204 - discord.http - WARNING - We are being rate limited. PATCH https://discord.com/api/v10/channels/1475561442647347201/messages/1481967916042948732 responded with 429. Retrying in 2.16 seconds.
2026-03-14 18:51:47,681 - discord.http - WARNING - We are being rate limited. PATCH https://discord.com/api/v10/channels/1475561442647347201/messages/1481967916042948732 responded with 429. Retrying in 1.87 seconds.
2026-03-14 18:56:47,772 - discord.http - WARNING - We are being rate limited. PATCH https://discord.com/api/v10/channels/1475561442647347201/messages/1481967916042948732 responded with 429. Retrying in 2.47 seconds.
2026-03-14 19:01:48,513 - discord.http - WARNING - We are being rate limited. PATCH https://discord.com/api/v10/channels/1475561442647347201/messages/1481967916042948732 responded with 429. Retrying in 1.80 seconds.
2026-03-14 19:06:48,105 - discord.http - WARNING - We are being rate limited. PATCH https://discord.com/api/v10/channels/1475561442647347201/messages/1481967916042948732 responded with 429. Retrying in 2.10 seconds.
2026-03-14 19:11:52,280 - discord.http - WARNING - We are being rate limited. PATCH https://discord.com/api/v10/channels/1475561442647347201/messages/1481967916042948732 responded with 429. Retrying in 2.24 seconds.
2026-03-14 19:16:53,133 - discord.http - WARNING - We are being rate limited. PATCH https://discord.com/api/v10/channels/1475561442647347201/messages/1481967916042948732 responded with 429. Retrying in 1.97 seconds.
2026-03-14 19:18:15,703 - discord.gateway - INFO - Shard ID None has successfully RESUMED session 7858d301de007290271fb711be9086fe.
2026-03-14 19:21:52,217 - discord.http - WARNING - We are being rate limited. PATCH https://discord.com/api/v10/channels/1475561442647347201/messages/1481967916042948732 responded with 429. Retrying in 2.19 seconds.
2026-03-14 19:26:52,102 - discord.http - WARNING - We are being rate limited. PATCH https://discord.com/api/v10/channels/1475561442647347201/messages/1481967916042948732 responded with 429. Retrying in 2.33 seconds.
2026-03-14 19:31:52,824 - discord.http - WARNING - We are being rate limited. PATCH https://discord.com/api/v10/channels/1475561442647347201/messages/1481967916042948732 responded with 429. Retrying in 2.03 seconds.
2026-03-14 19:36:48,361 - discord.http - WARNING - We are being rate limited. PATCH https://discord.com/api/v10/channels/1475561442647347201/messages/1481967916042948732 responded with 429. Retrying in 2.33 seconds.
2026-03-14 19:41:48,617 - discord.http - WARNING - We are being rate limited. PATCH https://discord.com/api/v10/channels/1475561442647347201/messages/1481967916042948732 responded with 429. Retrying in 2.25 seconds.
2026-03-14 19:46:48,093 - discord.http - WARNING - We are being rate limited. PATCH https://discord.com/api/v10/channels/1475561442647347201/messages/1481967916042948732 responded with 429. Retrying in 2.22 seconds.
2026-03-14 19:51:48,339 - discord.http - WARNING - We are being rate limited. PATCH https://discord.com/api/v10/channels/1475561442647347201/messages/1481967916042948732 responded with 429. Retrying in 2.10 seconds.
2026-03-14 19:56:48,060 - discord.http - WARNING - We are being rate limited. PATCH https://discord.com/api/v10/channels/1475561442647347201/messages/1481967916042948732 responded with 429. Retrying in 1.80 seconds.
2026-03-14 20:01:48,185 - discord.http - WARNING - We are being rate limited. PATCH https://discord.com/api/v10/channels/1475561442647347201/messages/1481967916042948732 responded with 429. Retrying in 1.84 seconds.
2026-03-14 20:04:17,290 - discord.gateway - INFO - Shard ID None has successfully RESUMED session 7858d301de007290271fb711be9086fe.
2026-03-14 20:06:48,680 - discord.http - WARNING - We are being rate limited. PATCH https://discord.com/api/v10/channels/1475561442647347201/messages/1481967916042948732 responded with 429. Retrying in 1.65 seconds.
2026-03-14 20:11:48,320 - discord.http - WARNING - We are being rate limited. PATCH https://discord.com/api/v10/channels/1475561442647347201/messages/1481967916042948732 responded with 429. Retrying in 2.05 seconds.
2026-03-18 20:59:32,444 - discord.client - WARNING - PyNaCl is not installed, voice will NOT be supported
2026-03-18 20:59:32,445 - discord.client - WARNING - davey is not installed, voice will NOT be supported
2026-03-18 20:59:32,445 - discord.client - INFO - logging in using static token
2026-03-18 20:59:33,096 - DkatanaBot - INFO - 🚀 Memuatkan cogs...
2026-03-18 20:59:37,504 - DkatanaBot - INFO - ✅ MongoDB connected
2026-03-18 20:59:37,504 - DkatanaBot - INFO - ✅ cogs.database dimuatkan
2026-03-18 20:59:37,510 - DkatanaBot - INFO - ✅ cogs.attendance dimuatkan
2026-03-18 20:59:37,516 - DkatanaBot - INFO - ✅ cogs.leave_system dimuatkan
2026-03-18 20:59:37,521 - DkatanaBot - INFO - ✅ cogs.leaderboard dimuatkan
2026-03-18 20:59:37,640 - DkatanaBot - INFO - ✅ cogs.admin_panel dimuatkan
2026-03-18 20:59:37,734 - DkatanaBot - INFO - ✅ cogs.kutipan dimuatkan
2026-03-18 20:59:37,738 - DkatanaBot - INFO - ✅ cogs.voice_manager dimuatkan
2026-03-18 20:59:37,741 - DkatanaBot - INFO - ✅ cogs.anti_spam dimuatkan
2026-03-18 20:59:37,742 - DkatanaBot - INFO - ✅ cogs.logger dimuatkan
2026-03-18 20:59:37,745 - DkatanaBot - INFO - ✅ cogs.scheduler dimuatkan
2026-03-18 20:59:37,914 - DkatanaBot - INFO - ✅ 0 command(s) disync
2026-03-18 20:59:38,352 - discord.gateway - INFO - Shard ID None has connected to Gateway (Session ID: 0456fd574c752098aef810fb31cbd92f).
2026-03-18 20:59:40,379 - DkatanaBot - INFO - 🤖 𝐃𝐊𝐒𝐲𝐬𝐭𝐞𝐦 ᴮᴼᵀ sudah online!
2026-03-18 20:59:40,379 - DkatanaBot - INFO - 🆔 Bot ID: 1471155589508759775
2026-03-18 20:59:40,379 - DkatanaBot - INFO - 🌐 Berada di 1 server
2026-03-18 20:59:40,379 - DkatanaBot - INFO - 📝 Melaksanakan auto-setup...
2026-03-18 20:59:40,392 - DkatanaBot - INFO - 🧹 Membersihkan data lama...
2026-03-18 20:59:41,881 - DkatanaBot - INFO - 🗑️ 0 data lama dipadam
2026-03-18 20:59:44,289 - DkatanaBot - INFO - ℹ️ Attendance message sedia ada direfresh di ╠➣📝├ᴋᴇʜᴀᴅɪʀᴀɴ・ᴬᵘᵗᵒ
2026-03-18 20:59:47,166 - DkatanaBot - INFO - 🗑️ 1 mesej lama dipadam dari admin panel channel
2026-03-18 20:59:49,564 - DkatanaBot - INFO - ✅ Admin panel dihantar ke 『⚙️』ꜱᴇᴛᴜᴘ-ᴘᴀɴᴇʟ
2026-03-18 20:59:52,088 - discord.http - WARNING - We are being rate limited. PATCH https://discord.com/api/v10/channels/1476779413201879061/messages/1482559361426653317 responded with 429. Retrying in 4.63 seconds.
2026-03-18 20:59:56,955 - discord.http - WARNING - We are being rate limited. PATCH https://discord.com/api/v10/channels/1475561442647347201/messages/1481967916042948732 responded with 429. Retrying in 1.67 seconds.
2026-03-18 20:59:57,260 - DkatanaBot - INFO - ✅ Leaderboard kutipan dikemaskini (auto-setup)
2026-03-18 20:59:57,260 - DkatanaBot - INFO - ✅ Auto-setup selesai!
2026-03-18 21:00:13,827 - discord.http - WARNING - We are being rate limited. PATCH https://discord.com/api/v10/channels/1476779413201879061/messages/1479122250744729605 responded with 429. Retrying in 0.90 seconds.
2026-03-18 21:00:15,524 - discord.http - WARNING - We are being rate limited. PATCH https://discord.com/api/v10/channels/1476779413201879061/messages/1482559361426653317 responded with 429. Retrying in 5.20 seconds.
2026-03-18 21:00:21,170 - DkatanaBot - INFO - Leaderboard kutipan dikemaskini (startup)
2026-03-18 21:04:54,583 - discord.http - WARNING - We are being rate limited. PATCH https://discord.com/api/v10/channels/1475561442647347201/messages/1481967916042948732 responded with 429. Retrying in 2.17 seconds.
2026-03-18 21:05:10,988 - discord.http - WARNING - We are being rate limited. PATCH https://discord.com/api/v10/channels/1475561442647347201/messages/1481967908572762225 responded with 429. Retrying in 3.76 seconds.
2026-03-18 21:05:16,182 - discord.http - WARNING - We are being rate limited. PATCH https://discord.com/api/v10/channels/1475561442647347201/messages/1481967916042948732 responded with 429. Retrying in 4.57 seconds.
2026-03-18 21:09:54,571 - discord.http - WARNING - We are being rate limited. PATCH https://discord.com/api/v10/channels/1475561442647347201/messages/1481967916042948732 responded with 429. Retrying in 2.26 seconds.
2026-03-18 21:14:54,622 - discord.http - WARNING - We are being rate limited. PATCH https://discord.com/api/v10/channels/1475561442647347201/messages/1481967916042948732 responded with 429. Retrying in 2.16 seconds.
2026-03-18 21:19:55,105 - discord.http - WARNING - We are being rate limited. PATCH https://discord.com/api/v10/channels/1475561442647347201/messages/1481967916042948732 responded with 429. Retrying in 1.77 seconds.
2026-03-18 21:24:54,663 - discord.http - WARNING - We are being rate limited. PATCH https://discord.com/api/v10/channels/1475561442647347201/messages/1481967916042948732 responded with 429. Retrying in 2.14 seconds.
2026-03-18 21:29:55,021 - discord.http - WARNING - We are being rate limited. PATCH https://discord.com/api/v10/channels/1475561442647347201/messages/1481967916042948732 responded with 429. Retrying in 2.12 seconds.
2026-03-18 21:34:55,470 - discord.http - WARNING - We are being rate limited. PATCH https://discord.com/api/v10/channels/1475561442647347201/messages/1481967916042948732 responded with 429. Retrying in 2.25 seconds.
2026-03-18 21:39:55,387 - discord.http - WARNING - We are being rate limited. PATCH https://discord.com/api/v10/channels/1475561442647347201/messages/1481967916042948732 responded with 429. Retrying in 2.15 seconds.
2026-03-18 21:44:56,155 - discord.http - WARNING - We are being rate limited. PATCH https://discord.com/api/v10/channels/1475561442647347201/messages/1481967916042948732 responded with 429. Retrying in 2.18 seconds.
2026-03-19 00:40:42,297 - discord.client - WARNING - PyNaCl is not installed, voice will NOT be supported
2026-03-19 00:40:42,297 - discord.client - WARNING - davey is not installed, voice will NOT be supported
2026-03-19 00:40:42,298 - discord.client - INFO - logging in using static token
2026-03-19 00:40:43,034 - DkatanaBot - INFO - 🚀 Memuatkan cogs...
2026-03-19 00:40:45,979 - DkatanaBot - INFO - ✅ MongoDB connected
2026-03-19 00:40:45,979 - DkatanaBot - INFO - ✅ cogs.database dimuatkan
2026-03-19 00:40:45,980 - DkatanaBot - INFO - ✅ cogs.attendance dimuatkan
2026-03-19 00:40:45,982 - DkatanaBot - INFO - ✅ cogs.leave_system dimuatkan
2026-03-19 00:40:45,983 - DkatanaBot - INFO - ✅ cogs.leaderboard dimuatkan
2026-03-19 00:40:45,987 - DkatanaBot - INFO - ✅ cogs.admin_panel dimuatkan
2026-03-19 00:40:45,989 - DkatanaBot - INFO - ✅ cogs.kutipan dimuatkan
2026-03-19 00:40:45,990 - DkatanaBot - INFO - ✅ cogs.voice_manager dimuatkan
2026-03-19 00:40:45,992 - DkatanaBot - INFO - ✅ cogs.anti_spam dimuatkan
2026-03-19 00:40:45,992 - DkatanaBot - INFO - ✅ cogs.logger dimuatkan
2026-03-19 00:40:45,993 - DkatanaBot - INFO - ✅ cogs.scheduler dimuatkan
2026-03-19 00:40:46,167 - DkatanaBot - INFO - ✅ 0 command(s) disync
2026-03-19 00:40:46,631 - discord.gateway - INFO - Shard ID None has connected to Gateway (Session ID: df6a45820ac439360b9be4929fd03b85).
2026-03-19 00:40:48,642 - DkatanaBot - INFO - 🤖 𝐃𝐊𝐒𝐲𝐬𝐭𝐞𝐦 ᴮᴼᵀ sudah online!
2026-03-19 00:40:48,642 - DkatanaBot - INFO - 🆔 Bot ID: 1471155589508759775
2026-03-19 00:40:48,642 - DkatanaBot - INFO - 🌐 Berada di 1 server
2026-03-19 00:40:48,642 - DkatanaBot - INFO - 📝 Melaksanakan auto-setup...
2026-03-19 00:40:48,655 - DkatanaBot - INFO - 🧹 Membersihkan data lama...
2026-03-19 00:40:50,170 - DkatanaBot - INFO - 🗑️ 0 data lama dipadam
2026-03-19 00:40:52,682 - DkatanaBot - INFO - ℹ️ Attendance message sedia ada direfresh di ╠➣📝├ᴋᴇʜᴀᴅɪʀᴀɴ・ᴬᵘᵗᵒ
2026-03-19 00:40:54,271 - DkatanaBot - INFO - 🗑️ 1 mesej lama dipadam dari admin panel channel
2026-03-19 00:40:56,645 - DkatanaBot - INFO - ✅ Admin panel dihantar ke 『⚙️』ꜱᴇᴛᴜᴘ-ᴘᴀɴᴇʟ
2026-03-19 00:40:59,149 - discord.http - WARNING - We are being rate limited. PATCH https://discord.com/api/v10/channels/1476779413201879061/messages/1482559361426653317 responded with 429. Retrying in 4.65 seconds.
2026-03-19 00:41:04,269 - DkatanaBot - INFO - ✅ Leaderboard kutipan dikemaskini (auto-setup)
2026-03-19 00:41:04,269 - DkatanaBot - INFO - ✅ Auto-setup selesai!
2026-03-19 00:41:05,642 - discord.http - WARNING - We are being rate limited. PATCH https://discord.com/api/v10/channels/1475561442647347201/messages/1481967916042948732 responded with 429. Retrying in 1.22 seconds.
2026-03-19 00:41:21,449 - discord.http - WARNING - We are being rate limited. PATCH https://discord.com/api/v10/channels/1476779413201879061/messages/1479122250744729605 responded with 429. Retrying in 0.36 seconds.
2026-03-19 00:41:22,490 - discord.http - WARNING - We are being rate limited. PATCH https://discord.com/api/v10/channels/1476779413201879061/messages/1482559361426653317 responded with 429. Retrying in 5.32 seconds.
2026-03-19 00:41:28,198 - DkatanaBot - INFO - Leaderboard kutipan dikemaskini (startup)
2026-03-19 00:46:03,930 - discord.http - WARNING - We are being rate limited. PATCH https://discord.com/api/v10/channels/1475561442647347201/messages/1481967916042948732 responded with 429. Retrying in 1.17 seconds.
2026-03-19 00:51:04,018 - discord.http - WARNING - We are being rate limited. PATCH https://discord.com/api/v10/channels/1475561442647347201/messages/1481967916042948732 responded with 429. Retrying in 1.75 seconds.
2026-03-19 00:57:39,021 - discord.client - WARNING - PyNaCl is not installed, voice will NOT be supported
2026-03-19 00:57:39,021 - discord.client - WARNING - davey is not installed, voice will NOT be supported
2026-03-19 00:57:39,022 - discord.client - INFO - logging in using static token
2026-03-19 00:57:39,464 - DkatanaBot - INFO - 🚀 Memuatkan cogs...
2026-03-19 00:57:42,496 - DkatanaBot - INFO - ✅ MongoDB connected
2026-03-19 00:57:42,497 - DkatanaBot - INFO - ✅ cogs.database dimuatkan
2026-03-19 00:57:42,498 - DkatanaBot - INFO - ✅ cogs.attendance dimuatkan
2026-03-19 00:57:42,500 - DkatanaBot - INFO - ✅ cogs.leave_system dimuatkan
2026-03-19 00:57:42,501 - DkatanaBot - INFO - ✅ cogs.leaderboard dimuatkan
2026-03-19 00:57:42,524 - DkatanaBot - INFO - ✅ cogs.admin_panel dimuatkan
2026-03-19 00:57:42,525 - DkatanaBot - INFO - ✅ cogs.kutipan dimuatkan
2026-03-19 00:57:42,526 - DkatanaBot - INFO - ✅ cogs.voice_manager dimuatkan
2026-03-19 00:57:42,527 - DkatanaBot - INFO - ✅ cogs.anti_spam dimuatkan
2026-03-19 00:57:42,527 - DkatanaBot - INFO - ✅ cogs.logger dimuatkan
2026-03-19 00:57:42,528 - DkatanaBot - INFO - ✅ cogs.scheduler dimuatkan
2026-03-19 00:57:42,700 - DkatanaBot - INFO - ✅ 0 command(s) disync
2026-03-19 00:57:43,552 - discord.gateway - INFO - Shard ID None has connected to Gateway (Session ID: 855bcb97cc2e002ffea6ff079e6f77fe).
2026-03-19 00:57:45,563 - DkatanaBot - INFO - 🤖 𝐃𝐊𝐒𝐲𝐬𝐭𝐞𝐦 ᴮᴼᵀ sudah online!
2026-03-19 00:57:45,580 - DkatanaBot - INFO - 🆔 Bot ID: 1471155589508759775
2026-03-19 00:57:45,581 - DkatanaBot - INFO - 🌐 Berada di 1 server
2026-03-19 00:57:45,581 - DkatanaBot - INFO - 📝 Melaksanakan auto-setup...
2026-03-19 00:57:45,592 - DkatanaBot - INFO - 🧹 Membersihkan data lama...
2026-03-19 00:57:47,101 - DkatanaBot - INFO - 🗑️ 0 data lama dipadam
2026-03-19 00:57:49,073 - DkatanaBot - INFO - 🎽 Assigned jersey number #60 to 𓆩!𓆪  2𝔼ℤ4ⵕ𝝞ⳐⳐ ⚡ (1274403387223314432)
2026-03-19 00:57:49,253 - DkatanaBot - ERROR - Error update leaderboard loop: 'NoneType' object has no attribute 'get'
2026-03-19 00:57:49,436 - DkatanaBot - INFO - ℹ️ Attendance message sedia ada direfresh di ╠➣📝├ᴋᴇʜᴀᴅɪʀᴀɴ・ᴬᵘᵗᵒ
2026-03-19 00:57:50,725 - DkatanaBot - INFO - 🗑️ 1 mesej lama dipadam dari admin panel channel
2026-03-19 00:57:53,005 - DkatanaBot - INFO - ✅ Admin panel dihantar ke 『⚙️』ꜱᴇᴛᴜᴘ-ᴘᴀɴᴇʟ
2026-03-19 00:57:55,650 - discord.http - WARNING - We are being rate limited. PATCH https://discord.com/api/v10/channels/1476779413201879061/messages/1482559361426653317 responded with 429. Retrying in 4.45 seconds.
2026-03-19 00:58:00,554 - DkatanaBot - INFO - ✅ Leaderboard kutipan dikemaskini (auto-setup)
2026-03-19 00:58:00,554 - DkatanaBot - INFO - ✅ Auto-setup selesai!
2026-03-19 00:58:17,617 - discord.http - WARNING - We are being rate limited. PATCH https://discord.com/api/v10/channels/1476779413201879061/messages/1479122250744729605 responded with 429. Retrying in 0.48 seconds.
2026-03-19 00:58:18,828 - discord.http - WARNING - We are being rate limited. PATCH https://discord.com/api/v10/channels/1476779413201879061/messages/1482559361426653317 responded with 429. Retrying in 5.26 seconds.
2026-03-19 00:58:24,473 - DkatanaBot - INFO - Leaderboard kutipan dikemaskini (startup)
2026-03-19 01:00:35,983 - discord.http - WARNING - We are being rate limited. PATCH https://discord.com/api/v10/channels/1475561442647347201/messages/1481967916042948732 responded with 429. Retrying in 1.08 seconds.
2026-03-19 01:01:07,181 - discord.http - WARNING - We are being rate limited. PATCH https://discord.com/api/v10/channels/1475561442647347201/messages/1481967916042948732 responded with 429. Retrying in 2.11 seconds.
2026-03-19 01:03:00,180 - discord.http - WARNING - We are being rate limited. PATCH https://discord.com/api/v10/channels/1475561442647347201/messages/1481967916042948732 responded with 429. Retrying in 2.03 seconds.
2026-03-19 01:07:59,716 - discord.http - WARNING - We are being rate limited. PATCH https://discord.com/api/v10/channels/1475561442647347201/messages/1481967916042948732 responded with 429. Retrying in 2.44 seconds.
2026-03-19 01:12:40,218 - discord.client - WARNING - PyNaCl is not installed, voice will NOT be supported
2026-03-19 01:12:40,219 - discord.client - WARNING - davey is not installed, voice will NOT be supported
2026-03-19 01:12:40,220 - discord.client - INFO - logging in using static token
2026-03-19 01:12:40,706 - DkatanaBot - INFO - 🚀 Memuatkan cogs...
2026-03-19 01:12:43,628 - DkatanaBot - INFO - ✅ MongoDB connected
2026-03-19 01:12:43,698 - DkatanaBot - INFO - ✅ cogs.database dimuatkan
2026-03-19 01:12:43,700 - DkatanaBot - INFO - ✅ cogs.attendance dimuatkan
2026-03-19 01:12:43,702 - DkatanaBot - INFO - ✅ cogs.leave_system dimuatkan
2026-03-19 01:12:43,706 - DkatanaBot - INFO - ✅ cogs.leaderboard dimuatkan
2026-03-19 01:12:43,727 - DkatanaBot - INFO - ✅ cogs.admin_panel dimuatkan
2026-03-19 01:12:43,728 - DkatanaBot - INFO - ✅ cogs.kutipan dimuatkan
2026-03-19 01:12:43,730 - DkatanaBot - INFO - ✅ cogs.voice_manager dimuatkan
2026-03-19 01:12:43,731 - DkatanaBot - INFO - ✅ cogs.anti_spam dimuatkan
2026-03-19 01:12:43,731 - DkatanaBot - INFO - ✅ cogs.logger dimuatkan
2026-03-19 01:12:43,734 - DkatanaBot - INFO - ✅ cogs.scheduler dimuatkan
2026-03-19 01:12:43,988 - DkatanaBot - INFO - ✅ 0 command(s) disync
2026-03-19 01:12:44,491 - discord.gateway - INFO - Shard ID None has connected to Gateway (Session ID: bee95ddbb4a26c1bd5b1e3c8059d0ccd).
2026-03-19 01:12:46,502 - DkatanaBot - INFO - 🤖 𝐃𝐊𝐒𝐲𝐬𝐭𝐞𝐦 ᴮᴼᵀ sudah online!
2026-03-19 01:12:46,502 - DkatanaBot - INFO - 🆔 Bot ID: 1471155589508759775
2026-03-19 01:12:46,502 - DkatanaBot - INFO - 🌐 Berada di 1 server
2026-03-19 01:12:46,503 - DkatanaBot - INFO - 📝 Melaksanakan auto-setup...
2026-03-19 01:12:46,521 - DkatanaBot - INFO - 🧹 Membersihkan data lama...
2026-03-19 01:12:47,659 - DkatanaBot - INFO - 🗑️ 0 data lama dipadam
2026-03-19 01:12:50,300 - DkatanaBot - INFO - ℹ️ Attendance message sedia ada direfresh di ╠➣📝├ᴋᴇʜᴀᴅɪʀᴀɴ・ᴬᵘᵗᵒ
2026-03-19 01:12:53,018 - DkatanaBot - INFO - 🗑️ 1 mesej lama dipadam dari admin panel channel
2026-03-19 01:12:55,282 - DkatanaBot - INFO - ✅ Admin panel dihantar ke 『⚙️』ꜱᴇᴛᴜᴘ-ᴘᴀɴᴇʟ
2026-03-19 01:12:57,715 - discord.http - WARNING - We are being rate limited. PATCH https://discord.com/api/v10/channels/1476779413201879061/messages/1482559361426653317 responded with 429. Retrying in 4.65 seconds.
2026-03-19 01:13:02,746 - DkatanaBot - INFO - ✅ Leaderboard kutipan dikemaskini (auto-setup)
2026-03-19 01:13:02,746 - DkatanaBot - INFO - ✅ Auto-setup selesai!
2026-03-19 01:13:03,571 - discord.http - WARNING - We are being rate limited. PATCH https://discord.com/api/v10/channels/1475561442647347201/messages/1481967916042948732 responded with 429. Retrying in 1.72 seconds.
2026-03-19 01:13:19,274 - discord.http - WARNING - We are being rate limited. PATCH https://discord.com/api/v10/channels/1476779413201879061/messages/1479122250744729605 responded with 429. Retrying in 1.09 seconds.
2026-03-19 01:13:21,041 - discord.http - WARNING - We are being rate limited. PATCH https://discord.com/api/v10/channels/1476779413201879061/messages/1482559361426653317 responded with 429. Retrying in 5.33 seconds.
2026-03-19 01:13:26,874 - DkatanaBot - INFO - Leaderboard kutipan dikemaskini (startup)
2026-03-19 01:14:24,428 - discord.http - WARNING - We are being rate limited. PATCH https://discord.com/api/v10/channels/1475561442647347201/messages/1481967916042948732 responded with 429. Retrying in 1.48 seconds.
2026-03-19 01:15:50,724 - discord.http - WARNING - We are being rate limited. PATCH https://discord.com/api/v10/channels/1475561442647347201/messages/1481967916042948732 responded with 429. Retrying in 2.28 seconds.
2026-03-19 01:18:01,321 - discord.http - WARNING - We are being rate limited. PATCH https://discord.com/api/v10/channels/1475561442647347201/messages/1481967916042948732 responded with 429. Retrying in 2.23 seconds.
2026-03-19 01:21:17,023 - discord.http - WARNING - We are being rate limited. PATCH https://discord.com/api/v10/channels/1476779413201879061/messages/1482559361426653317 responded with 429. Retrying in 4.64 seconds.
2026-03-19 01:21:19,732 - discord.http - WARNING - We are being rate limited. PATCH https://discord.com/api/v10/channels/1475561442647347201/messages/1481967916042948732 responded with 429. Retrying in 2.35 seconds.
2026-03-19 01:21:23,342 - discord.http - WARNING - We are being rate limited. PATCH https://discord.com/api/v10/channels/1476779413201879061/messages/1477537663220449342 responded with 429. Retrying in 4.32 seconds.
2026-03-19 01:21:28,533 - discord.http - WARNING - We are being rate limited. PATCH https://discord.com/api/v10/channels/1476779413201879061/messages/1479122248433406033 responded with 429. Retrying in 5.13 seconds.
2026-03-19 01:21:34,408 - discord.http - WARNING - We are being rate limited. PATCH https://discord.com/api/v10/channels/1476779413201879061/messages/1479122250744729605 responded with 429. Retrying in 5.25 seconds.
2026-03-19 01:21:40,434 - discord.http - WARNING - We are being rate limited. PATCH https://discord.com/api/v10/channels/1476779413201879061/messages/1482559361426653317 responded with 429. Retrying in 5.24 seconds.
2026-03-19 01:23:00,775 - discord.http - WARNING - We are being rate limited. PATCH https://discord.com/api/v10/channels/1475561442647347201/messages/1481967916042948732 responded with 429. Retrying in 2.28 seconds.
2026-03-19 01:25:41,967 - discord.client - WARNING - PyNaCl is not installed, voice will NOT be supported
2026-03-19 01:25:41,967 - discord.client - WARNING - davey is not installed, voice will NOT be supported
2026-03-19 01:25:41,968 - discord.client - INFO - logging in using static token
2026-03-19 01:25:42,496 - DkatanaBot - INFO - 🚀 Memuatkan cogs...
2026-03-19 01:25:45,597 - DkatanaBot - INFO - ✅ MongoDB connected
2026-03-19 01:25:45,597 - DkatanaBot - INFO - ✅ cogs.database dimuatkan
2026-03-19 01:25:45,599 - DkatanaBot - INFO - ✅ cogs.attendance dimuatkan
2026-03-19 01:25:45,601 - DkatanaBot - INFO - ✅ cogs.leave_system dimuatkan
2026-03-19 01:25:45,607 - DkatanaBot - INFO - ✅ cogs.leaderboard dimuatkan
2026-03-19 01:25:45,666 - DkatanaBot - INFO - ✅ cogs.admin_panel dimuatkan
2026-03-19 01:25:45,668 - DkatanaBot - INFO - ✅ cogs.kutipan dimuatkan
2026-03-19 01:25:45,670 - DkatanaBot - INFO - ✅ cogs.voice_manager dimuatkan
2026-03-19 01:25:45,671 - DkatanaBot - INFO - ✅ cogs.anti_spam dimuatkan
2026-03-19 01:25:45,671 - DkatanaBot - INFO - ✅ cogs.logger dimuatkan
2026-03-19 01:25:45,753 - DkatanaBot - INFO - ✅ cogs.scheduler dimuatkan
2026-03-19 01:25:45,918 - DkatanaBot - INFO - ✅ 0 command(s) disync
2026-03-19 01:25:46,483 - discord.gateway - INFO - Shard ID None has connected to Gateway (Session ID: 3b09aef670f0c9bd7cee499230e3b5df).
2026-03-19 01:25:48,495 - DkatanaBot - INFO - 🤖 𝐃𝐊𝐒𝐲𝐬𝐭𝐞𝐦 ᴮᴼᵀ sudah online!
2026-03-19 01:25:48,496 - DkatanaBot - INFO - 🆔 Bot ID: 1471155589508759775
2026-03-19 01:25:48,496 - DkatanaBot - INFO - 🌐 Berada di 1 server
2026-03-19 01:25:48,496 - DkatanaBot - INFO - 📝 Melaksanakan auto-setup...
2026-03-19 01:25:48,513 - DkatanaBot - INFO - 🧹 Membersihkan data lama...
2026-03-19 01:25:49,784 - DkatanaBot - INFO - 🗑️ 0 data lama dipadam
2026-03-19 01:25:52,337 - DkatanaBot - INFO - ℹ️ Attendance message sedia ada direfresh di ╠➣📝├ᴋᴇʜᴀᴅɪʀᴀɴ・ᴬᵘᵗᵒ
2026-03-19 01:25:53,678 - DkatanaBot - INFO - 🗑️ 1 mesej lama dipadam dari admin panel channel
2026-03-19 01:25:55,991 - DkatanaBot - INFO - ✅ Admin panel dihantar ke 『⚙️』ꜱᴇᴛᴜᴘ-ᴘᴀɴᴇʟ
2026-03-19 01:25:58,524 - discord.http - WARNING - We are being rate limited. PATCH https://discord.com/api/v10/channels/1476779413201879061/messages/1482559361426653317 responded with 429. Retrying in 4.64 seconds.
2026-03-19 01:26:03,669 - DkatanaBot - INFO - ✅ Leaderboard kutipan dikemaskini (auto-setup)
2026-03-19 01:26:03,669 - DkatanaBot - INFO - ✅ Auto-setup selesai!
2026-03-19 01:26:05,779 - discord.http - WARNING - We are being rate limited. PATCH https://discord.com/api/v10/channels/1475561442647347201/messages/1481967916042948732 responded with 429. Retrying in 1.38 seconds.
2026-03-19 01:26:20,822 - discord.http - WARNING - We are being rate limited. PATCH https://discord.com/api/v10/channels/1476779413201879061/messages/1479122250744729605 responded with 429. Retrying in 0.36 seconds.
2026-03-19 01:26:21,823 - discord.http - WARNING - We are being rate limited. PATCH https://discord.com/api/v10/channels/1476779413201879061/messages/1482559361426653317 responded with 429. Retrying in 5.34 seconds.
2026-03-19 01:26:27,553 - DkatanaBot - INFO - Leaderboard kutipan dikemaskini (startup)
2026-03-19 01:31:03,345 - discord.http - WARNING - We are being rate limited. PATCH https://discord.com/api/v10/channels/1475561442647347201/messages/1481967916042948732 responded with 429. Retrying in 1.64 seconds.
2026-03-19 01:33:04,753 - discord.http - WARNING - We are being rate limited. PATCH https://discord.com/api/v10/channels/1475561442647347201/messages/1481967916042948732 responded with 429. Retrying in 2.12 seconds.
2026-03-19 01:36:03,003 - discord.http - WARNING - We are being rate limited. PATCH https://discord.com/api/v10/channels/1475561442647347201/messages/1481967916042948732 responded with 429. Retrying in 1.97 seconds.
2026-03-19 18:40:05,426 - discord.client - WARNING - PyNaCl is not installed, voice will NOT be supported
2026-03-19 18:40:05,504 - discord.client - WARNING - davey is not installed, voice will NOT be supported
2026-03-19 18:40:05,505 - discord.client - INFO - logging in using static token
2026-03-19 18:40:05,971 - DkatanaBot - INFO - 🚀 Memuatkan cogs...
2026-03-19 18:40:10,803 - DkatanaBot - INFO - ✅ MongoDB connected
2026-03-19 18:40:10,803 - DkatanaBot - INFO - ✅ cogs.database dimuatkan
2026-03-19 18:40:10,809 - DkatanaBot - INFO - ✅ cogs.attendance dimuatkan
2026-03-19 18:40:10,816 - DkatanaBot - INFO - ✅ cogs.leave_system dimuatkan
2026-03-19 18:40:10,820 - DkatanaBot - INFO - ✅ cogs.leaderboard dimuatkan
2026-03-19 18:40:11,009 - DkatanaBot - INFO - ✅ cogs.admin_panel dimuatkan
2026-03-19 18:40:11,017 - DkatanaBot - INFO - ✅ cogs.kutipan dimuatkan
2026-03-19 18:40:11,020 - DkatanaBot - INFO - ✅ cogs.voice_manager dimuatkan
2026-03-19 18:40:11,022 - DkatanaBot - INFO - ✅ cogs.anti_spam dimuatkan
2026-03-19 18:40:11,023 - DkatanaBot - INFO - ✅ cogs.logger dimuatkan
2026-03-19 18:40:11,105 - DkatanaBot - INFO - ✅ cogs.scheduler dimuatkan
2026-03-19 18:40:11,296 - DkatanaBot - INFO - ✅ 0 command(s) disync
2026-03-19 18:40:11,901 - discord.gateway - INFO - Shard ID None has connected to Gateway (Session ID: 5e88f85dd2d08d409830c5191d02b6a0).
2026-03-19 18:40:13,911 - DkatanaBot - INFO - 🤖 𝐃𝐊𝐒𝐲𝐬𝐭𝐞𝐦 ᴮᴼᵀ sudah online!
2026-03-19 18:40:13,911 - DkatanaBot - INFO - 🆔 Bot ID: 1471155589508759775
2026-03-19 18:40:13,911 - DkatanaBot - INFO - 🌐 Berada di 1 server
2026-03-19 18:40:13,911 - DkatanaBot - INFO - 📝 Melaksanakan auto-setup...
2026-03-19 18:40:13,923 - DkatanaBot - INFO - 🧹 Membersihkan data lama...
2026-03-19 18:40:16,194 - DkatanaBot - INFO - 🗑️ 0 data lama dipadam
2026-03-19 18:40:18,120 - DkatanaBot - INFO - ℹ️ Attendance message sedia ada direfresh di ╠➣📝├ᴋᴇʜᴀᴅɪʀᴀɴ・ᴬᵘᵗᵒ
2026-03-19 18:40:19,383 - DkatanaBot - INFO - 🗑️ 1 mesej lama dipadam dari admin panel channel
2026-03-19 18:40:21,729 - DkatanaBot - INFO - ✅ Admin panel dihantar ke 『⚙️』ꜱᴇᴛᴜᴘ-ᴘᴀɴᴇʟ
2026-03-19 18:40:24,298 - discord.http - WARNING - We are being rate limited. PATCH https://discord.com/api/v10/channels/1476779413201879061/messages/1482559361426653317 responded with 429. Retrying in 4.53 seconds.
2026-03-19 18:40:29,225 - DkatanaBot - INFO - ✅ Leaderboard kutipan dikemaskini (auto-setup)
2026-03-19 18:40:29,225 - DkatanaBot - INFO - ✅ Auto-setup selesai!
2026-03-19 18:40:32,938 - discord.http - WARNING - We are being rate limited. PATCH https://discord.com/api/v10/channels/1475561442647347201/messages/1481967916042948732 responded with 429. Retrying in 1.56 seconds.
2026-03-19 18:40:47,310 - discord.http - WARNING - We are being rate limited. PATCH https://discord.com/api/v10/channels/1476779413201879061/messages/1482559361426653317 responded with 429. Retrying in 5.51 seconds.
2026-03-19 18:40:53,334 - DkatanaBot - INFO - Leaderboard kutipan dikemaskini (startup)
2026-03-19 18:45:28,327 - discord.http - WARNING - We are being rate limited. PATCH https://discord.com/api/v10/channels/1475561442647347201/messages/1481967916042948732 responded with 429. Retrying in 2.28 seconds.
2026-03-19 18:49:31,310 - discord.http - WARNING - We are being rate limited. PATCH https://discord.com/api/v10/channels/1475561442647347201/messages/1481967916042948732 responded with 429. Retrying in 2.28 seconds.
2026-03-19 18:50:28,341 - discord.http - WARNING - We are being rate limited. PATCH https://discord.com/api/v10/channels/1475561442647347201/messages/1481967916042948732 responded with 429. Retrying in 2.30 seconds.
2026-03-19 18:55:28,326 - discord.http - WARNING - We are being rate limited. PATCH https://discord.com/api/v10/channels/1475561442647347201/messages/1481967916042948732 responded with 429. Retrying in 2.08 seconds.
2026-03-19 19:00:28,563 - discord.http - WARNING - We are being rate limited. PATCH https://discord.com/api/v10/channels/1475561442647347201/messages/1481967916042948732 responded with 429. Retrying in 2.02 seconds.
2026-03-19 19:05:29,317 - discord.http - WARNING - We are being rate limited. PATCH https://discord.com/api/v10/channels/1475561442647347201/messages/1481967916042948732 responded with 429. Retrying in 1.83 seconds.
2026-03-19 19:10:28,791 - discord.http - WARNING - We are being rate limited. PATCH https://discord.com/api/v10/channels/1475561442647347201/messages/1481967916042948732 responded with 429. Retrying in 2.30 seconds.
2026-03-19 19:15:28,796 - discord.http - WARNING - We are being rate limited. PATCH https://discord.com/api/v10/channels/1475561442647347201/messages/1481967916042948732 responded with 429. Retrying in 2.16 seconds.
2026-03-19 19:20:28,601 - discord.http - WARNING - We are being rate limited. PATCH https://discord.com/api/v10/channels/1475561442647347201/messages/1481967916042948732 responded with 429. Retrying in 2.36 seconds.
2026-03-19 19:25:28,730 - discord.http - WARNING - We are being rate limited. PATCH https://discord.com/api/v10/channels/1475561442647347201/messages/1481967916042948732 responded with 429. Retrying in 2.26 seconds.
2026-03-19 19:30:28,758 - discord.http - WARNING - We are being rate limited. PATCH https://discord.com/api/v10/channels/1475561442647347201/messages/1481967916042948732 responded with 429. Retrying in 2.15 seconds.
2026-03-19 19:35:28,859 - discord.http - WARNING - We are being rate limited. PATCH https://discord.com/api/v10/channels/1475561442647347201/messages/1481967916042948732 responded with 429. Retrying in 2.11 seconds.
2026-03-19 19:40:27,999 - discord.http - WARNING - We are being rate limited. PATCH https://discord.com/api/v10/channels/1475561442647347201/messages/1481967916042948732 responded with 429. Retrying in 2.37 seconds.
2026-03-19 19:45:28,366 - discord.http - WARNING - We are being rate limited. PATCH https://discord.com/api/v10/channels/1475561442647347201/messages/1481967916042948732 responded with 429. Retrying in 2.10 seconds.
2026-03-19 19:50:28,042 - discord.http - WARNING - We are being rate limited. PATCH https://discord.com/api/v10/channels/1475561442647347201/messages/1481967916042948732 responded with 429. Retrying in 2.35 seconds.
2026-03-19 19:55:28,295 - discord.http - WARNING - We are being rate limited. PATCH https://discord.com/api/v10/channels/1475561442647347201/messages/1481967916042948732 responded with 429. Retrying in 2.09 seconds.
2026-03-19 20:00:28,033 - discord.http - WARNING - We are being rate limited. PATCH https://discord.com/api/v10/channels/1475561442647347201/messages/1481967916042948732 responded with 429. Retrying in 2.31 seconds.
2026-03-19 20:05:28,784 - discord.http - WARNING - We are being rate limited. PATCH https://discord.com/api/v10/channels/1475561442647347201/messages/1481967916042948732 responded with 429. Retrying in 2.27 seconds.
2026-03-19 20:08:41,931 - discord.gateway - INFO - Shard ID None has successfully RESUMED session 5e88f85dd2d08d409830c5191d02b6a0.
2026-03-19 20:10:28,856 - discord.http - WARNING - We are being rate limited. PATCH https://discord.com/api/v10/channels/1475561442647347201/messages/1481967916042948732 responded with 429. Retrying in 2.31 seconds.
2026-03-19 20:15:28,546 - discord.http - WARNING - We are being rate limited. PATCH https://discord.com/api/v10/channels/1475561442647347201/messages/1481967916042948732 responded with 429. Retrying in 1.81 seconds.
2026-03-19 20:20:28,333 - discord.http - WARNING - We are being rate limited. PATCH https://discord.com/api/v10/channels/1475561442647347201/messages/1481967916042948732 responded with 429. Retrying in 2.17 seconds.
2026-03-19 20:25:28,331 - discord.http - WARNING - We are being rate limited. PATCH https://discord.com/api/v10/channels/1475561442647347201/messages/1481967916042948732 responded with 429. Retrying in 2.17 seconds.
2026-03-19 20:30:28,461 - discord.http - WARNING - We are being rate limited. PATCH https://discord.com/api/v10/channels/1475561442647347201/messages/1481967916042948732 responded with 429. Retrying in 2.04 seconds.
2026-03-19 20:35:28,671 - discord.http - WARNING - We are being rate limited. PATCH https://discord.com/api/v10/channels/1475561442647347201/messages/1481967916042948732 responded with 429. Retrying in 1.74 seconds.
2026-03-19 20:40:28,322 - discord.http - WARNING - We are being rate limited. PATCH https://discord.com/api/v10/channels/1475561442647347201/messages/1481967916042948732 responded with 429. Retrying in 2.35 seconds.
2026-03-19 20:45:28,032 - discord.http - WARNING - We are being rate limited. PATCH https://discord.com/api/v10/channels/1475561442647347201/messages/1481967916042948732 responded with 429. Retrying in 2.35 seconds.
2026-03-19 20:50:28,332 - discord.http - WARNING - We are being rate limited. PATCH https://discord.com/api/v10/channels/1475561442647347201/messages/1481967916042948732 responded with 429. Retrying in 2.13 seconds.
2026-03-19 20:55:28,045 - discord.http - WARNING - We are being rate limited. PATCH https://discord.com/api/v10/channels/1475561442647347201/messages/1481967916042948732 responded with 429. Retrying in 2.36 seconds.
2026-03-19 21:00:29,796 - discord.http - WARNING - We are being rate limited. PATCH https://discord.com/api/v10/channels/1475561442647347201/messages/1481967916042948732 responded with 429. Retrying in 0.71 seconds.
2026-03-19 21:05:28,533 - discord.http - WARNING - We are being rate limited. PATCH https://discord.com/api/v10/channels/1475561442647347201/messages/1481967916042948732 responded with 429. Retrying in 2.12 seconds.
2026-03-19 21:10:28,337 - discord.http - WARNING - We are being rate limited. PATCH https://discord.com/api/v10/channels/1475561442647347201/messages/1481967916042948732 responded with 429. Retrying in 2.23 seconds.
2026-03-19 21:15:28,746 - discord.http - WARNING - We are being rate limited. PATCH https://discord.com/api/v10/channels/1475561442647347201/messages/1481967916042948732 responded with 429. Retrying in 2.24 seconds.
2026-03-19 21:20:30,076 - discord.http - WARNING - We are being rate limited. PATCH https://discord.com/api/v10/channels/1475561442647347201/messages/1481967916042948732 responded with 429. Retrying in 1.41 seconds.
2026-03-19 21:25:29,654 - discord.http - WARNING - We are being rate limited. PATCH https://discord.com/api/v10/channels/1475561442647347201/messages/1481967916042948732 responded with 429. Retrying in 1.86 seconds.
2026-03-19 21:30:29,062 - discord.http - WARNING - We are being rate limited. PATCH https://discord.com/api/v10/channels/1475561442647347201/messages/1481967916042948732 responded with 429. Retrying in 2.42 seconds.
2026-03-19 21:35:29,294 - discord.http - WARNING - We are being rate limited. PATCH https://discord.com/api/v10/channels/1475561442647347201/messages/1481967916042948732 responded with 429. Retrying in 2.23 seconds.
2026-03-19 21:40:29,626 - discord.http - WARNING - We are being rate limited. PATCH https://discord.com/api/v10/channels/1475561442647347201/messages/1481967916042948732 responded with 429. Retrying in 1.95 seconds.
2026-03-19 21:45:28,648 - discord.http - WARNING - We are being rate limited. PATCH https://discord.com/api/v10/channels/1475561442647347201/messages/1481967916042948732 responded with 429. Retrying in 2.08 seconds.
2026-03-19 21:50:28,908 - discord.http - WARNING - We are being rate limited. PATCH https://discord.com/api/v10/channels/1475561442647347201/messages/1481967916042948732 responded with 429. Retrying in 2.35 seconds.
2026-03-19 21:55:29,334 - discord.http - WARNING - We are being rate limited. PATCH https://discord.com/api/v10/channels/1475561442647347201/messages/1481967916042948732 responded with 429. Retrying in 1.98 seconds.
2026-03-19 22:00:45,755 - discord.http - WARNING - We are being rate limited. PATCH https://discord.com/api/v10/channels/1475561442647347201/messages/1481967916042948732 responded with 429. Retrying in 0.93 seconds.
2026-03-19 22:01:01,999 - discord.http - WARNING - We are being rate limited. PATCH https://discord.com/api/v10/channels/1475561442647347201/messages/1481967908572762225 responded with 429. Retrying in 2.69 seconds.
2026-03-19 22:01:06,514 - discord.http - WARNING - We are being rate limited. PATCH https://discord.com/api/v10/channels/1475561442647347201/messages/1481967916042948732 responded with 429. Retrying in 4.17 seconds.
2026-03-19 22:05:28,547 - discord.http - WARNING - We are being rate limited. PATCH https://discord.com/api/v10/channels/1475561442647347201/messages/1481967916042948732 responded with 429. Retrying in 2.28 seconds.
2026-03-19 22:10:28,635 - discord.http - WARNING - We are being rate limited. PATCH https://discord.com/api/v10/channels/1475561442647347201/messages/1481967916042948732 responded with 429. Retrying in 1.98 seconds.
2026-03-19 22:15:28,092 - discord.http - WARNING - We are being rate limited. PATCH https://discord.com/api/v10/channels/1475561442647347201/messages/1481967916042948732 responded with 429. Retrying in 2.40 seconds.
2026-03-19 22:20:28,698 - discord.http - WARNING - We are being rate limited. PATCH https://discord.com/api/v10/channels/1475561442647347201/messages/1481967916042948732 responded with 429. Retrying in 1.84 seconds.
2026-03-19 22:25:28,641 - discord.http - WARNING - We are being rate limited. PATCH https://discord.com/api/v10/channels/1475561442647347201/messages/1481967916042948732 responded with 429. Retrying in 2.01 seconds.
2026-03-19 22:30:28,914 - discord.http - WARNING - We are being rate limited. PATCH https://discord.com/api/v10/channels/1475561442647347201/messages/1481967916042948732 responded with 429. Retrying in 1.80 seconds.
2026-03-19 22:35:28,641 - discord.http - WARNING - We are being rate limited. PATCH https://discord.com/api/v10/channels/1475561442647347201/messages/1481967916042948732 responded with 429. Retrying in 2.40 seconds.
2026-03-19 22:39:55,076 - discord.gateway - INFO - Shard ID None has successfully RESUMED session 5e88f85dd2d08d409830c5191d02b6a0.
2026-03-19 22:40:29,766 - discord.http - WARNING - We are being rate limited. PATCH https://discord.com/api/v10/channels/1475561442647347201/messages/1481967916042948732 responded with 429. Retrying in 1.75 seconds.
2026-03-19 22:45:31,054 - discord.http - WARNING - We are being rate limited. PATCH https://discord.com/api/v10/channels/1475561442647347201/messages/1481967916042948732 responded with 429. Retrying in 1.94 seconds.
2026-03-19 22:50:28,769 - discord.http - WARNING - We are being rate limited. PATCH https://discord.com/api/v10/channels/1475561442647347201/messages/1481967916042948732 responded with 429. Retrying in 2.37 seconds.
2026-03-19 22:55:28,687 - discord.http - WARNING - We are being rate limited. PATCH https://discord.com/api/v10/channels/1475561442647347201/messages/1481967916042948732 responded with 429. Retrying in 2.02 seconds.
2026-03-19 23:00:28,381 - discord.http - WARNING - We are being rate limited. PATCH https://discord.com/api/v10/channels/1475561442647347201/messages/1481967916042948732 responded with 429. Retrying in 2.35 seconds.
2026-03-19 23:05:28,311 - discord.http - WARNING - We are being rate limited. PATCH https://discord.com/api/v10/channels/1475561442647347201/messages/1481967916042948732 responded with 429. Retrying in 2.33 seconds.
2026-03-19 23:10:28,301 - discord.http - WARNING - We are being rate limited. PATCH https://discord.com/api/v10/channels/1475561442647347201/messages/1481967916042948732 responded with 429. Retrying in 2.26 seconds.
2026-03-19 22:27:19,671 - discord.client - WARNING - PyNaCl is not installed, voice will NOT be supported
2026-03-19 22:27:19,671 - discord.client - WARNING - davey is not installed, voice will NOT be supported
2026-03-19 22:27:19,672 - discord.client - INFO - logging in using static token
2026-03-19 22:27:20,367 - DkatanaBot - INFO - 🚀 Memuatkan cogs...
2026-03-19 22:27:21,417 - DkatanaBot - INFO - ✅ MongoDB connected
2026-03-19 22:27:21,417 - DkatanaBot - INFO - ✅ cogs.database dimuatkan
2026-03-19 22:27:21,431 - DkatanaBot - INFO - ✅ cogs.attendance dimuatkan
2026-03-19 22:27:21,440 - DkatanaBot - INFO - ✅ cogs.leave_system dimuatkan
2026-03-19 22:27:21,446 - DkatanaBot - INFO - ✅ cogs.leaderboard dimuatkan
2026-03-19 22:27:21,484 - DkatanaBot - INFO - ✅ cogs.admin_panel dimuatkan
2026-03-19 22:27:21,499 - DkatanaBot - INFO - ✅ cogs.kutipan dimuatkan
2026-03-19 22:27:21,504 - DkatanaBot - INFO - ✅ cogs.voice_manager dimuatkan
2026-03-19 22:27:21,560 - DkatanaBot - INFO - ✅ cogs.anti_spam dimuatkan
2026-03-19 22:27:21,561 - DkatanaBot - INFO - ✅ cogs.logger dimuatkan
2026-03-19 22:27:21,566 - DkatanaBot - INFO - ✅ cogs.scheduler dimuatkan
2026-03-19 22:27:21,964 - DkatanaBot - INFO - ✅ 0 command(s) disync
2026-03-19 22:27:22,648 - discord.gateway - INFO - Shard ID None has connected to Gateway (Session ID: 56eef1015770468726847e33f1075f52).
2026-03-19 22:27:24,670 - DkatanaBot - INFO - 🤖 𝐃𝐊𝐒𝐲𝐬𝐭𝐞𝐦 ᴮᴼᵀ sudah online!
2026-03-19 22:27:24,670 - DkatanaBot - INFO - 🆔 Bot ID: 1471155589508759775
2026-03-19 22:27:24,670 - DkatanaBot - INFO - 🌐 Berada di 1 server
2026-03-19 22:27:24,671 - DkatanaBot - INFO - 📝 Melaksanakan auto-setup...
2026-03-19 22:27:24,689 - DkatanaBot - INFO - 🧹 Membersihkan data lama...
2026-03-19 22:27:24,964 - DkatanaBot - INFO - 🗑️ 0 data lama dipadam
2026-03-19 22:27:28,415 - DkatanaBot - INFO - ℹ️ Attendance message sedia ada direfresh di ╠➣📝├ᴋᴇʜᴀᴅɪʀᴀɴ・ᴬᵘᵗᵒ
2026-03-19 22:27:29,756 - discord.http - WARNING - We are being rate limited. PATCH https://discord.com/api/v10/channels/1476779413201879061/messages/1482559361426653317 responded with 429. Retrying in 3.87 seconds.
2026-03-19 22:27:30,076 - DkatanaBot - INFO - 🗑️ 1 mesej lama dipadam dari admin panel channel
2026-03-19 22:27:32,422 - DkatanaBot - INFO - ✅ Admin panel dihantar ke 『⚙️』ꜱᴇᴛᴜᴘ-ᴘᴀɴᴇʟ
2026-03-19 22:27:32,755 - discord.http - WARNING - We are being rate limited. PATCH https://discord.com/api/v10/channels/1475561442647347201/messages/1481967916042948732 responded with 429. Retrying in 0.56 seconds.
2026-03-19 22:27:34,054 - DkatanaBot - INFO - Leaderboard kutipan dikemaskini (startup)
2026-03-19 22:27:34,719 - discord.http - WARNING - We are being rate limited. PATCH https://discord.com/api/v10/channels/1476779413201879061/messages/1477537663220449342 responded with 429. Retrying in 4.88 seconds.
2026-03-19 22:27:40,604 - discord.http - WARNING - We are being rate limited. PATCH https://discord.com/api/v10/channels/1476779413201879061/messages/1479122248433406033 responded with 429. Retrying in 5.00 seconds.
2026-03-19 22:27:46,679 - discord.http - WARNING - We are being rate limited. PATCH https://discord.com/api/v10/channels/1476779413201879061/messages/1479122250744729605 responded with 429. Retrying in 4.91 seconds.
2026-03-19 22:27:52,683 - discord.http - WARNING - We are being rate limited. PATCH https://discord.com/api/v10/channels/1476779413201879061/messages/1482559361426653317 responded with 429. Retrying in 4.91 seconds.
2026-03-19 22:27:58,247 - DkatanaBot - INFO - ✅ Leaderboard kutipan dikemaskini (auto-setup)
2026-03-19 22:27:58,247 - DkatanaBot - INFO - ✅ Auto-setup selesai!
2026-03-19 22:32:29,456 - discord.http - WARNING - We are being rate limited. PATCH https://discord.com/api/v10/channels/1475561442647347201/messages/1481967916042948732 responded with 429. Retrying in 1.90 seconds.
2026-03-19 22:37:29,224 - discord.http - WARNING - We are being rate limited. PATCH https://discord.com/api/v10/channels/1475561442647347201/messages/1481967916042948732 responded with 429. Retrying in 2.04 seconds.
2026-03-19 22:42:29,109 - discord.http - WARNING - We are being rate limited. PATCH https://discord.com/api/v10/channels/1475561442647347201/messages/1481967916042948732 responded with 429. Retrying in 2.08 seconds.
2026-03-19 22:47:29,342 - discord.http - WARNING - We are being rate limited. PATCH https://discord.com/api/v10/channels/1475561442647347201/messages/1481967916042948732 responded with 429. Retrying in 1.93 seconds.
2026-03-19 22:52:29,388 - discord.http - WARNING - We are being rate limited. PATCH https://discord.com/api/v10/channels/1475561442647347201/messages/1481967916042948732 responded with 429. Retrying in 1.92 seconds.
2026-03-19 22:57:29,252 - discord.http - WARNING - We are being rate limited. PATCH https://discord.com/api/v10/channels/1475561442647347201/messages/1481967916042948732 responded with 429. Retrying in 1.99 seconds.
2026-03-19 23:02:29,892 - discord.http - WARNING - We are being rate limited. PATCH https://discord.com/api/v10/channels/1475561442647347201/messages/1481967916042948732 responded with 429. Retrying in 1.67 seconds.
2026-03-19 23:07:29,266 - discord.http - WARNING - We are being rate limited. PATCH https://discord.com/api/v10/channels/1475561442647347201/messages/1481967916042948732 responded with 429. Retrying in 1.94 seconds.
2026-03-19 23:12:29,348 - discord.http - WARNING - We are being rate limited. PATCH https://discord.com/api/v10/channels/1475561442647347201/messages/1481967916042948732 responded with 429. Retrying in 1.89 seconds.
2026-03-19 23:17:29,386 - discord.http - WARNING - We are being rate limited. PATCH https://discord.com/api/v10/channels/1475561442647347201/messages/1481967916042948732 responded with 429. Retrying in 1.95 seconds.
2026-03-19 23:22:29,420 - discord.http - WARNING - We are being rate limited. PATCH https://discord.com/api/v10/channels/1475561442647347201/messages/1481967916042948732 responded with 429. Retrying in 1.80 seconds.
2026-03-19 23:27:29,466 - discord.http - WARNING - We are being rate limited. PATCH https://discord.com/api/v10/channels/1475561442647347201/messages/1481967916042948732 responded with 429. Retrying in 1.89 seconds.
2026-03-19 23:32:29,219 - discord.http - WARNING - We are being rate limited. PATCH https://discord.com/api/v10/channels/1475561442647347201/messages/1481967916042948732 responded with 429. Retrying in 2.09 seconds.
2026-03-19 23:37:29,439 - discord.http - WARNING - We are being rate limited. PATCH https://discord.com/api/v10/channels/1475561442647347201/messages/1481967916042948732 responded with 429. Retrying in 1.81 seconds.
2026-03-19 23:42:29,245 - discord.http - WARNING - We are being rate limited. PATCH https://discord.com/api/v10/channels/1475561442647347201/messages/1481967916042948732 responded with 429. Retrying in 2.01 seconds.
2026-03-19 23:47:29,434 - discord.http - WARNING - We are being rate limited. PATCH https://discord.com/api/v10/channels/1475561442647347201/messages/1481967916042948732 responded with 429. Retrying in 1.78 seconds.
2026-03-19 23:52:29,395 - discord.http - WARNING - We are being rate limited. PATCH https://discord.com/api/v10/channels/1475561442647347201/messages/1481967916042948732 responded with 429. Retrying in 1.91 seconds.
2026-03-19 23:57:29,540 - discord.http - WARNING - We are being rate limited. PATCH https://discord.com/api/v10/channels/1475561442647347201/messages/1481967916042948732 responded with 429. Retrying in 1.71 seconds.
2026-03-20 00:07:29,606 - discord.http - WARNING - We are being rate limited. PATCH https://discord.com/api/v10/channels/1475561442647347201/messages/1481967916042948732 responded with 429. Retrying in 1.74 seconds.
2026-03-20 00:12:29,316 - discord.http - WARNING - We are being rate limited. PATCH https://discord.com/api/v10/channels/1475561442647347201/messages/1481967916042948732 responded with 429. Retrying in 2.02 seconds.
2026-03-20 00:14:04,718 - discord.http - WARNING - We are being rate limited. PATCH https://discord.com/api/v10/channels/1475561442647347201/messages/1481967916042948732 responded with 429. Retrying in 1.79 seconds.
2026-03-20 00:15:44,590 - DkatanaBot - ERROR - admin_panel handle_select error (kutipan_panel): This interaction has already been responded to before
Traceback (most recent call last):
  File "/home/container/cogs/admin_panel.py", line 614, in handle_select
    await kutipan.open_admin_panel(interaction)
  File "/home/container/cogs/kutipan.py", line 534, in open_admin_panel
    await interaction.response.send_message(content=view.summary_text(), view=view, ephemeral=True)
  File "/home/container/.local/lib/python3.14/site-packages/discord/interactions.py", line 1057, in send_message
    raise InteractionResponded(self._parent)
discord.errors.InteractionResponded: This interaction has already been responded to before
2026-03-20 00:16:09,369 - DkatanaBot - ERROR - admin_panel handle_select error (kutipan_panel): This interaction has already been responded to before
Traceback (most recent call last):
  File "/home/container/cogs/admin_panel.py", line 614, in handle_select
    await kutipan.open_admin_panel(interaction)
  File "/home/container/cogs/kutipan.py", line 534, in open_admin_panel
    await interaction.response.send_message(content=view.summary_text(), view=view, ephemeral=True)
  File "/home/container/.local/lib/python3.14/site-packages/discord/interactions.py", line 1057, in send_message
    raise InteractionResponded(self._parent)
discord.errors.InteractionResponded: This interaction has already been responded to before
2026-03-20 00:17:29,352 - discord.http - WARNING - We are being rate limited. PATCH https://discord.com/api/v10/channels/1475561442647347201/messages/1481967916042948732 responded with 429. Retrying in 1.94 seconds.
2026-03-20 00:22:29,675 - discord.http - WARNING - We are being rate limited. PATCH https://discord.com/api/v10/channels/1475561442647347201/messages/1481967916042948732 responded with 429. Retrying in 1.74 seconds.
2026-03-20 00:27:29,757 - discord.http - WARNING - We are being rate limited. PATCH https://discord.com/api/v10/channels/1475561442647347201/messages/1481967916042948732 responded with 429. Retrying in 1.63 seconds.
2026-03-20 00:32:29,696 - discord.http - WARNING - We are being rate limited. PATCH https://discord.com/api/v10/channels/1475561442647347201/messages/1481967916042948732 responded with 429. Retrying in 1.62 seconds.
2026-03-20 00:37:29,181 - discord.http - WARNING - We are being rate limited. PATCH https://discord.com/api/v10/channels/1475561442647347201/messages/1481967916042948732 responded with 429. Retrying in 2.04 seconds.
2026-03-20 00:42:29,426 - discord.http - WARNING - We are being rate limited. PATCH https://discord.com/api/v10/channels/1475561442647347201/messages/1481967916042948732 responded with 429. Retrying in 1.83 seconds.
2026-03-20 00:47:29,244 - discord.http - WARNING - We are being rate limited. PATCH https://discord.com/api/v10/channels/1475561442647347201/messages/1481967916042948732 responded with 429. Retrying in 2.02 seconds.
2026-03-20 00:51:45,580 - discord.gateway - INFO - Shard ID None has successfully RESUMED session 56eef1015770468726847e33f1075f52.
2026-03-20 00:52:29,708 - discord.http - WARNING - We are being rate limited. PATCH https://discord.com/api/v10/channels/1475561442647347201/messages/1481967916042948732 responded with 429. Retrying in 1.83 seconds.
2026-03-20 00:57:29,537 - discord.http - WARNING - We are being rate limited. PATCH https://discord.com/api/v10/channels/1475561442647347201/messages/1481967916042948732 responded with 429. Retrying in 1.85 seconds.
2026-03-20 01:02:29,367 - discord.http - WARNING - We are being rate limited. PATCH https://discord.com/api/v10/channels/1475561442647347201/messages/1481967916042948732 responded with 429. Retrying in 1.88 seconds.
2026-03-20 01:07:29,255 - discord.http - WARNING - We are being rate limited. PATCH https://discord.com/api/v10/channels/1475561442647347201/messages/1481967916042948732 responded with 429. Retrying in 1.99 seconds.
2026-03-20 01:12:29,367 - discord.http - WARNING - We are being rate limited. PATCH https://discord.com/api/v10/channels/1475561442647347201/messages/1481967916042948732 responded with 429. Retrying in 1.91 seconds.
2026-03-20 01:17:29,220 - discord.http - WARNING - We are being rate limited. PATCH https://discord.com/api/v10/channels/1475561442647347201/messages/1481967916042948732 responded with 429. Retrying in 2.11 seconds.
2026-03-20 01:22:29,627 - discord.http - WARNING - We are being rate limited. PATCH https://discord.com/api/v10/channels/1475561442647347201/messages/1481967916042948732 responded with 429. Retrying in 1.66 seconds.
2026-03-20 01:27:29,139 - discord.http - WARNING - We are being rate limited. PATCH https://discord.com/api/v10/channels/1475561442647347201/messages/1481967916042948732 responded with 429. Retrying in 2.09 seconds.
2026-03-20 01:32:29,224 - discord.http - WARNING - We are being rate limited. PATCH https://discord.com/api/v10/channels/1475561442647347201/messages/1481967916042948732 responded with 429. Retrying in 2.08 seconds.
2026-03-20 01:37:29,315 - discord.http - WARNING - We are being rate limited. PATCH https://discord.com/api/v10/channels/1475561442647347201/messages/1481967916042948732 responded with 429. Retrying in 1.96 seconds.
2026-03-20 01:42:29,191 - discord.http - WARNING - We are being rate limited. PATCH https://discord.com/api/v10/channels/1475561442647347201/messages/1481967916042948732 responded with 429. Retrying in 2.07 seconds.
2026-03-20 01:47:29,736 - discord.http - WARNING - We are being rate limited. PATCH https://discord.com/api/v10/channels/1475561442647347201/messages/1481967916042948732 responded with 429. Retrying in 1.66 seconds.
2026-03-20 01:52:29,447 - discord.http - WARNING - We are being rate limited. PATCH https://discord.com/api/v10/channels/1475561442647347201/messages/1481967916042948732 responded with 429. Retrying in 1.90 seconds.
2026-03-20 01:57:29,234 - discord.http - WARNING - We are being rate limited. PATCH https://discord.com/api/v10/channels/1475561442647347201/messages/1481967916042948732 responded with 429. Retrying in 2.04 seconds.
2026-03-20 02:02:30,102 - discord.http - WARNING - We are being rate limited. PATCH https://discord.com/api/v10/channels/1475561442647347201/messages/1481967916042948732 responded with 429. Retrying in 1.21 seconds.
2026-03-20 02:07:29,438 - discord.http - WARNING - We are being rate limited. PATCH https://discord.com/api/v10/channels/1475561442647347201/messages/1481967916042948732 responded with 429. Retrying in 1.94 seconds.
2026-03-20 02:12:29,535 - discord.http - WARNING - We are being rate limited. PATCH https://discord.com/api/v10/channels/1475561442647347201/messages/1481967916042948732 responded with 429. Retrying in 1.98 seconds.
2026-03-20 02:17:29,488 - discord.http - WARNING - We are being rate limited. PATCH https://discord.com/api/v10/channels/1475561442647347201/messages/1481967916042948732 responded with 429. Retrying in 1.92 seconds.
2026-03-20 02:22:29,732 - discord.http - WARNING - We are being rate limited. PATCH https://discord.com/api/v10/channels/1475561442647347201/messages/1481967916042948732 responded with 429. Retrying in 1.54 seconds.
2026-03-20 02:27:29,463 - discord.http - WARNING - We are being rate limited. PATCH https://discord.com/api/v10/channels/1475561442647347201/messages/1481967916042948732 responded with 429. Retrying in 1.91 seconds.
2026-03-20 02:32:29,507 - discord.http - WARNING - We are being rate limited. PATCH https://discord.com/api/v10/channels/1475561442647347201/messages/1481967916042948732 responded with 429. Retrying in 1.86 seconds.
2026-03-20 02:37:29,687 - discord.http - WARNING - We are being rate limited. PATCH https://discord.com/api/v10/channels/1475561442647347201/messages/1481967916042948732 responded with 429. Retrying in 1.78 seconds.
2026-03-20 02:42:29,322 - discord.http - WARNING - We are being rate limited. PATCH https://discord.com/api/v10/channels/1475561442647347201/messages/1481967916042948732 responded with 429. Retrying in 1.97 seconds.
2026-03-20 02:47:29,905 - discord.http - WARNING - We are being rate limited. PATCH https://discord.com/api/v10/channels/1475561442647347201/messages/1481967916042948732 responded with 429. Retrying in 1.83 seconds.
2026-03-20 02:52:29,674 - discord.http - WARNING - We are being rate limited. PATCH https://discord.com/api/v10/channels/1475561442647347201/messages/1481967916042948732 responded with 429. Retrying in 1.78 seconds.
2026-03-20 02:57:29,365 - discord.http - WARNING - We are being rate limited. PATCH https://discord.com/api/v10/channels/1475561442647347201/messages/1481967916042948732 responded with 429. Retrying in 1.92 seconds.
2026-03-20 03:00:24,676 - DkatanaBot - INFO - 🔄 Memulakan proses restart...
2026-03-20 03:00:55,777 - DkatanaBot - INFO - 🔄 Restarting bot (Bot-Hosting.net mode)...
2026-03-20 03:00:55,782 - DkatanaBot - INFO - 👋 Exiting process untuk restart...
2026-03-20 03:00:57,580 - discord.client - WARNING - PyNaCl is not installed, voice will NOT be supported
2026-03-20 03:00:57,580 - discord.client - WARNING - davey is not installed, voice will NOT be supported
2026-03-20 03:00:57,581 - discord.client - INFO - logging in using static token
2026-03-20 03:00:58,307 - DkatanaBot - INFO - 🚀 Memuatkan cogs...
2026-03-20 03:00:59,312 - DkatanaBot - INFO - ✅ MongoDB connected
2026-03-20 03:00:59,313 - DkatanaBot - INFO - ✅ cogs.database dimuatkan
2026-03-20 03:00:59,315 - DkatanaBot - INFO - ✅ cogs.attendance dimuatkan
2026-03-20 03:00:59,319 - DkatanaBot - INFO - ✅ cogs.leave_system dimuatkan
2026-03-20 03:00:59,322 - DkatanaBot - INFO - ✅ cogs.leaderboard dimuatkan
2026-03-20 03:00:59,330 - DkatanaBot - INFO - ✅ cogs.admin_panel dimuatkan
2026-03-20 03:00:59,334 - DkatanaBot - INFO - ✅ cogs.kutipan dimuatkan
2026-03-20 03:00:59,337 - DkatanaBot - INFO - ✅ cogs.voice_manager dimuatkan
2026-03-20 03:00:59,340 - DkatanaBot - INFO - ✅ cogs.anti_spam dimuatkan
2026-03-20 03:00:59,341 - DkatanaBot - INFO - ✅ cogs.logger dimuatkan
2026-03-20 03:00:59,343 - DkatanaBot - INFO - ✅ cogs.scheduler dimuatkan
2026-03-20 03:00:59,652 - DkatanaBot - INFO - ✅ 0 command(s) disync
2026-03-20 03:01:00,461 - discord.gateway - INFO - Shard ID None has connected to Gateway (Session ID: 23dacbd29e3dbade1ef1dc92b7fb81f2).
2026-03-20 03:01:02,471 - DkatanaBot - INFO - 🤖 𝐃𝐊𝐒𝐲𝐬𝐭𝐞𝐦 ᴮᴼᵀ sudah online!
2026-03-20 03:01:02,471 - DkatanaBot - INFO - 🆔 Bot ID: 1471155589508759775
2026-03-20 03:01:02,471 - DkatanaBot - INFO - 🌐 Berada di 1 server
2026-03-20 03:01:02,472 - DkatanaBot - INFO - 📝 Melaksanakan auto-setup...
2026-03-20 03:01:02,512 - DkatanaBot - INFO - 🧹 Membersihkan data lama...
2026-03-20 03:01:02,559 - DkatanaBot - INFO - 🗑️ 0 data lama dipadam
2026-03-20 03:01:06,315 - DkatanaBot - INFO - ℹ️ Attendance message sedia ada direfresh di ╠➣📝├ᴋᴇʜᴀᴅɪʀᴀɴ・ᴬᵘᵗᵒ
2026-03-20 03:01:07,811 - discord.http - WARNING - We are being rate limited. PATCH https://discord.com/api/v10/channels/1476779413201879061/messages/1482559361426653317 responded with 429. Retrying in 3.83 seconds.
2026-03-20 03:01:07,942 - DkatanaBot - INFO - 🗑️ 1 mesej lama dipadam dari admin panel channel
2026-03-20 03:01:09,689 - discord.http - WARNING - We are being rate limited. PATCH https://discord.com/api/v10/channels/1475561442647347201/messages/1481967916042948732 responded with 429. Retrying in 0.64 seconds.
2026-03-20 03:01:10,349 - DkatanaBot - INFO - ✅ Admin panel dihantar ke 『⚙️』ꜱᴇᴛᴜᴘ-ᴘᴀɴᴇʟ
2026-03-20 03:01:12,064 - DkatanaBot - INFO - Leaderboard kutipan dikemaskini (startup)
2026-03-20 03:01:12,732 - discord.http - WARNING - We are being rate limited. PATCH https://discord.com/api/v10/channels/1476779413201879061/messages/1477537663220449342 responded with 429. Retrying in 4.94 seconds.
2026-03-20 03:01:18,987 - discord.http - WARNING - We are being rate limited. PATCH https://discord.com/api/v10/channels/1476779413201879061/messages/1479122248433406033 responded with 429. Retrying in 4.66 seconds.
2026-03-20 03:01:24,859 - discord.http - WARNING - We are being rate limited. PATCH https://discord.com/api/v10/channels/1476779413201879061/messages/1479122250744729605 responded with 429. Retrying in 4.79 seconds.
2026-03-20 03:01:30,762 - discord.http - WARNING - We are being rate limited. PATCH https://discord.com/api/v10/channels/1476779413201879061/messages/1482559361426653317 responded with 429. Retrying in 4.91 seconds.
2026-03-20 03:01:36,105 - DkatanaBot - INFO - ✅ Leaderboard kutipan dikemaskini (auto-setup)
2026-03-20 03:01:36,105 - DkatanaBot - INFO - ✅ Auto-setup selesai!
2026-03-20 03:06:07,272 - discord.http - WARNING - We are being rate limited. PATCH https://discord.com/api/v10/channels/1475561442647347201/messages/1481967916042948732 responded with 429. Retrying in 1.85 seconds.
2026-03-20 03:11:07,279 - discord.http - WARNING - We are being rate limited. PATCH https://discord.com/api/v10/channels/1475561442647347201/messages/1481967916042948732 responded with 429. Retrying in 1.89 seconds.
2026-03-20 03:16:07,204 - discord.http - WARNING - We are being rate limited. PATCH https://discord.com/api/v10/channels/1475561442647347201/messages/1481967916042948732 responded with 429. Retrying in 1.91 seconds.
2026-03-20 03:21:07,654 - discord.http - WARNING - We are being rate limited. PATCH https://discord.com/api/v10/channels/1475561442647347201/messages/1481967916042948732 responded with 429. Retrying in 1.50 seconds.
2026-03-20 03:26:07,128 - discord.http - WARNING - We are being rate limited. PATCH https://discord.com/api/v10/channels/1475561442647347201/messages/1481967916042948732 responded with 429. Retrying in 1.95 seconds.
2026-03-20 03:31:07,317 - discord.http - WARNING - We are being rate limited. PATCH https://discord.com/api/v10/channels/1475561442647347201/messages/1481967916042948732 responded with 429. Retrying in 1.94 seconds.
2026-03-20 03:36:07,209 - discord.http - WARNING - We are being rate limited. PATCH https://discord.com/api/v10/channels/1475561442647347201/messages/1481967916042948732 responded with 429. Retrying in 1.92 seconds.
2026-03-20 03:41:07,138 - discord.http - WARNING - We are being rate limited. PATCH https://discord.com/api/v10/channels/1475561442647347201/messages/1481967916042948732 responded with 429. Retrying in 2.07 seconds.
2026-03-20 03:46:07,331 - discord.http - WARNING - We are being rate limited. PATCH https://discord.com/api/v10/channels/1475561442647347201/messages/1481967916042948732 responded with 429. Retrying in 1.87 seconds.
2026-03-20 03:46:56,225 - DkatanaBot - ERROR - admin_panel handle_select error (kutipan_panel): This interaction has already been responded to before
Traceback (most recent call last):
  File "/home/container/cogs/admin_panel.py", line 614, in handle_select
    await kutipan.open_admin_panel(interaction)
  File "/home/container/cogs/kutipan.py", line 534, in open_admin_panel
    await interaction.response.send_message(content=view.summary_text(), view=view, ephemeral=True)
  File "/home/container/.local/lib/python3.14/site-packages/discord/interactions.py", line 1057, in send_message
    raise InteractionResponded(self._parent)
discord.errors.InteractionResponded: This interaction has already been responded to before
2026-03-20 03:47:13,084 - DkatanaBot - ERROR - admin_panel handle_select error (kutipan_panel): This interaction has already been responded to before
Traceback (most recent call last):
  File "/home/container/cogs/admin_panel.py", line 614, in handle_select
    await kutipan.open_admin_panel(interaction)
  File "/home/container/cogs/kutipan.py", line 534, in open_admin_panel
    await interaction.response.send_message(content=view.summary_text(), view=view, ephemeral=True)
  File "/home/container/.local/lib/python3.14/site-packages/discord/interactions.py", line 1057, in send_message
    raise InteractionResponded(self._parent)
discord.errors.InteractionResponded: This interaction has already been responded to before
2026-03-20 03:51:07,137 - discord.http - WARNING - We are being rate limited. PATCH https://discord.com/api/v10/channels/1475561442647347201/messages/1481967916042948732 responded with 429. Retrying in 2.02 seconds.
2026-03-20 03:54:57,180 - discord.client - WARNING - PyNaCl is not installed, voice will NOT be supported
2026-03-20 03:54:57,181 - discord.client - WARNING - davey is not installed, voice will NOT be supported
2026-03-20 03:54:57,181 - discord.client - INFO - logging in using static token
2026-03-20 03:54:57,927 - DkatanaBot - INFO - 🚀 Memuatkan cogs...
2026-03-20 03:54:58,933 - DkatanaBot - INFO - ✅ MongoDB connected
2026-03-20 03:54:58,933 - DkatanaBot - INFO - ✅ cogs.database dimuatkan
2026-03-20 03:54:58,936 - DkatanaBot - INFO - ✅ cogs.attendance dimuatkan
2026-03-20 03:54:58,938 - DkatanaBot - INFO - ✅ cogs.leave_system dimuatkan
2026-03-20 03:54:58,940 - DkatanaBot - INFO - ✅ cogs.leaderboard dimuatkan
2026-03-20 03:54:58,986 - DkatanaBot - INFO - ✅ cogs.admin_panel dimuatkan
2026-03-20 03:54:59,051 - DkatanaBot - INFO - ✅ cogs.kutipan dimuatkan
2026-03-20 03:54:59,053 - DkatanaBot - INFO - ✅ cogs.voice_manager dimuatkan
2026-03-20 03:54:59,055 - DkatanaBot - INFO - ✅ cogs.anti_spam dimuatkan
2026-03-20 03:54:59,056 - DkatanaBot - INFO - ✅ cogs.logger dimuatkan
2026-03-20 03:54:59,058 - DkatanaBot - INFO - ✅ cogs.scheduler dimuatkan
2026-03-20 03:54:59,355 - DkatanaBot - INFO - ✅ 0 command(s) disync
2026-03-20 03:55:00,058 - discord.gateway - INFO - Shard ID None has connected to Gateway (Session ID: 123d276f5f2a23366d899b54f447539e).
2026-03-20 03:55:02,073 - DkatanaBot - INFO - 🤖 𝐃𝐊𝐒𝐲𝐬𝐭𝐞𝐦 ᴮᴼᵀ sudah online!
2026-03-20 03:55:02,073 - DkatanaBot - INFO - 🆔 Bot ID: 1471155589508759775
2026-03-20 03:55:02,073 - DkatanaBot - INFO - 🌐 Berada di 1 server
2026-03-20 03:55:02,074 - DkatanaBot - INFO - 📝 Melaksanakan auto-setup...
2026-03-20 03:55:02,107 - DkatanaBot - INFO - 🧹 Membersihkan data lama...
2026-03-20 03:55:02,488 - DkatanaBot - INFO - 🗑️ 0 data lama dipadam
2026-03-20 03:55:05,847 - DkatanaBot - INFO - ℹ️ Attendance message sedia ada direfresh di ╠➣📝├ᴋᴇʜᴀᴅɪʀᴀɴ・ᴬᵘᵗᵒ
2026-03-20 03:55:07,495 - discord.http - WARNING - We are being rate limited. PATCH https://discord.com/api/v10/channels/1476779413201879061/messages/1482559361426653317 responded with 429. Retrying in 3.71 seconds.
2026-03-20 03:55:07,496 - DkatanaBot - INFO - 🗑️ 1 mesej lama dipadam dari admin panel channel
2026-03-20 03:55:09,254 - discord.http - WARNING - We are being rate limited. PATCH https://discord.com/api/v10/channels/1475561442647347201/messages/1481967916042948732 responded with 429. Retrying in 0.78 seconds.
2026-03-20 03:55:09,845 - DkatanaBot - INFO - ✅ Admin panel dihantar ke 『⚙️』ꜱᴇᴛᴜᴘ-ᴘᴀɴᴇʟ
2026-03-20 03:55:11,614 - DkatanaBot - INFO - Leaderboard kutipan dikemaskini (startup)
2026-03-20 03:55:12,275 - discord.http - WARNING - We are being rate limited. PATCH https://discord.com/api/v10/channels/1476779413201879061/messages/1477537663220449342 responded with 429. Retrying in 4.91 seconds.
2026-03-20 03:55:18,211 - discord.http - WARNING - We are being rate limited. PATCH https://discord.com/api/v10/channels/1476779413201879061/messages/1479122248433406033 responded with 429. Retrying in 4.97 seconds.
2026-03-20 03:55:24,319 - discord.http - WARNING - We are being rate limited. PATCH https://discord.com/api/v10/channels/1476779413201879061/messages/1479122250744729605 responded with 429. Retrying in 4.89 seconds.
2026-03-20 03:55:30,213 - discord.http - WARNING - We are being rate limited. PATCH https://discord.com/api/v10/channels/1476779413201879061/messages/1482559361426653317 responded with 429. Retrying in 4.97 seconds.
2026-03-20 03:55:35,506 - DkatanaBot - INFO - ✅ Leaderboard kutipan dikemaskini (auto-setup)
2026-03-20 03:55:35,506 - DkatanaBot - INFO - ✅ Auto-setup selesai!
2026-03-20 04:00:08,742 - discord.http - WARNING - We are being rate limited. PATCH https://discord.com/api/v10/channels/1475561442647347201/messages/1481967916042948732 responded with 429. Retrying in 1.04 seconds.
2026-03-20 04:05:07,045 - discord.http - WARNING - We are being rate limited. PATCH https://discord.com/api/v10/channels/1475561442647347201/messages/1481967916042948732 responded with 429. Retrying in 1.81 seconds.
2026-03-20 04:10:07,731 - discord.http - WARNING - We are being rate limited. PATCH https://discord.com/api/v10/channels/1475561442647347201/messages/1481967916042948732 responded with 429. Retrying in 1.51 seconds.
2026-03-20 04:15:07,394 - discord.http - WARNING - We are being rate limited. PATCH https://discord.com/api/v10/channels/1475561442647347201/messages/1481967916042948732 responded with 429. Retrying in 1.79 seconds.
2026-03-20 04:20:06,921 - discord.http - WARNING - We are being rate limited. PATCH https://discord.com/api/v10/channels/1475561442647347201/messages/1481967916042948732 responded with 429. Retrying in 1.96 seconds.
2026-03-20 04:25:07,042 - discord.http - WARNING - We are being rate limited. PATCH https://discord.com/api/v10/channels/1475561442647347201/messages/1481967916042948732 responded with 429. Retrying in 1.88 seconds.
2026-03-20 04:30:07,939 - discord.http - WARNING - We are being rate limited. PATCH https://discord.com/api/v10/channels/1475561442647347201/messages/1481967916042948732 responded with 429. Retrying in 1.64 seconds.
2026-03-20 04:35:06,913 - discord.http - WARNING - We are being rate limited. PATCH https://discord.com/api/v10/channels/1475561442647347201/messages/1481967916042948732 responded with 429. Retrying in 2.04 seconds.
2026-03-20 04:40:07,478 - discord.http - WARNING - We are being rate limited. PATCH https://discord.com/api/v10/channels/1475561442647347201/messages/1481967916042948732 responded with 429. Retrying in 1.85 seconds.
2026-03-20 04:45:06,865 - discord.http - WARNING - We are being rate limited. PATCH https://discord.com/api/v10/channels/1475561442647347201/messages/1481967916042948732 responded with 429. Retrying in 2.04 seconds.
2026-03-20 04:50:07,027 - discord.http - WARNING - We are being rate limited. PATCH https://discord.com/api/v10/channels/1475561442647347201/messages/1481967916042948732 responded with 429. Retrying in 1.96 seconds.
2026-03-20 04:55:11,149 - discord.http - WARNING - We are being rate limited. PATCH https://discord.com/api/v10/channels/1475561442647347201/messages/1481967916042948732 responded with 429. Retrying in 1.91 seconds.
2026-03-20 04:58:15,546 - discord.gateway - INFO - Shard ID None has successfully RESUMED session 123d276f5f2a23366d899b54f447539e.
2026-03-20 05:00:09,130 - discord.http - WARNING - We are being rate limited. PATCH https://discord.com/api/v10/channels/1475561442647347201/messages/1481967916042948732 responded with 429. Retrying in 0.76 seconds.
2026-03-20 05:05:06,797 - discord.http - WARNING - We are being rate limited. PATCH https://discord.com/api/v10/channels/1475561442647347201/messages/1481967916042948732 responded with 429. Retrying in 2.10 seconds.
2026-03-20 05:10:07,089 - discord.http - WARNING - We are being rate limited. PATCH https://discord.com/api/v10/channels/1475561442647347201/messages/1481967916042948732 responded with 429. Retrying in 1.94 seconds.
2026-03-20 05:15:06,811 - discord.http - WARNING - We are being rate limited. PATCH https://discord.com/api/v10/channels/1475561442647347201/messages/1481967916042948732 responded with 429. Retrying in 2.02 seconds.
2026-03-20 05:20:07,276 - discord.http - WARNING - We are being rate limited. PATCH https://discord.com/api/v10/channels/1475561442647347201/messages/1481967916042948732 responded with 429. Retrying in 1.88 seconds.
2026-03-20 05:25:07,278 - discord.http - WARNING - We are being rate limited. PATCH https://discord.com/api/v10/channels/1475561442647347201/messages/1481967916042948732 responded with 429. Retrying in 1.96 seconds.
2026-03-20 05:30:07,235 - discord.http - WARNING - We are being rate limited. PATCH https://discord.com/api/v10/channels/1475561442647347201/messages/1481967916042948732 responded with 429. Retrying in 1.85 seconds.
2026-03-20 05:35:07,396 - discord.http - WARNING - We are being rate limited. PATCH https://discord.com/api/v10/channels/1475561442647347201/messages/1481967916042948732 responded with 429. Retrying in 1.86 seconds.
2026-03-20 05:40:07,071 - discord.http - WARNING - We are being rate limited. PATCH https://discord.com/api/v10/channels/1475561442647347201/messages/1481967916042948732 responded with 429. Retrying in 1.96 seconds.
2026-03-20 05:45:07,046 - discord.http - WARNING - We are being rate limited. PATCH https://discord.com/api/v10/channels/1475561442647347201/messages/1481967916042948732 responded with 429. Retrying in 2.12 seconds.
2026-03-20 05:50:07,229 - discord.http - WARNING - We are being rate limited. PATCH https://discord.com/api/v10/channels/1475561442647347201/messages/1481967916042948732 responded with 429. Retrying in 1.95 seconds.
2026-03-20 05:55:06,932 - discord.http - WARNING - We are being rate limited. PATCH https://discord.com/api/v10/channels/1475561442647347201/messages/1481967916042948732 responded with 429. Retrying in 2.09 seconds.
2026-03-20 06:05:07,467 - discord.http - WARNING - We are being rate limited. PATCH https://discord.com/api/v10/channels/1475561442647347201/messages/1481967916042948732 responded with 429. Retrying in 1.97 seconds.
2026-03-20 06:10:07,698 - discord.http - WARNING - We are being rate limited. PATCH https://discord.com/api/v10/channels/1475561442647347201/messages/1481967916042948732 responded with 429. Retrying in 1.83 seconds.
2026-03-20 06:15:07,115 - discord.http - WARNING - We are being rate limited. PATCH https://discord.com/api/v10/channels/1475561442647347201/messages/1481967916042948732 responded with 429. Retrying in 1.93 seconds.
2026-03-20 06:20:07,294 - discord.http - WARNING - We are being rate limited. PATCH https://discord.com/api/v10/channels/1475561442647347201/messages/1481967916042948732 responded with 429. Retrying in 2.00 seconds.
2026-03-20 06:25:07,614 - discord.http - WARNING - We are being rate limited. PATCH https://discord.com/api/v10/channels/1475561442647347201/messages/1481967916042948732 responded with 429. Retrying in 1.80 seconds.
2026-03-20 06:30:08,044 - discord.http - WARNING - We are being rate limited. PATCH https://discord.com/api/v10/channels/1475561442647347201/messages/1481967916042948732 responded with 429. Retrying in 1.67 seconds.
2026-03-20 06:35:06,827 - discord.http - WARNING - We are being rate limited. PATCH https://discord.com/api/v10/channels/1475561442647347201/messages/1481967916042948732 responded with 429. Retrying in 2.13 seconds.
2026-03-20 06:40:07,020 - discord.http - WARNING - We are being rate limited. PATCH https://discord.com/api/v10/channels/1475561442647347201/messages/1481967916042948732 responded with 429. Retrying in 1.90 seconds.
2026-03-20 06:41:54,496 - discord.http - WARNING - We are being rate limited. PATCH https://discord.com/api/v10/channels/1475561442647347201/messages/1481967916042948732 responded with 429. Retrying in 1.42 seconds.
2026-03-20 06:45:07,150 - discord.http - WARNING - We are being rate limited. PATCH https://discord.com/api/v10/channels/1475561442647347201/messages/1481967916042948732 responded with 429. Retrying in 2.02 seconds.
2026-03-20 06:50:07,756 - discord.http - WARNING - We are being rate limited. PATCH https://discord.com/api/v10/channels/1475561442647347201/messages/1481967916042948732 responded with 429. Retrying in 1.88 seconds.
2026-03-20 06:55:07,652 - discord.http - WARNING - We are being rate limited. PATCH https://discord.com/api/v10/channels/1475561442647347201/messages/1481967916042948732 responded with 429. Retrying in 2.06 seconds.
2026-03-20 07:00:07,974 - discord.http - WARNING - We are being rate limited. PATCH https://discord.com/api/v10/channels/1475561442647347201/messages/1481967916042948732 responded with 429. Retrying in 1.67 seconds.
2026-03-20 07:05:08,947 - discord.client - WARNING - PyNaCl is not installed, voice will NOT be supported
2026-03-20 07:05:08,947 - discord.client - WARNING - davey is not installed, voice will NOT be supported
2026-03-20 07:05:08,948 - discord.client - INFO - logging in using static token
2026-03-20 07:05:09,580 - DkatanaBot - INFO - 🚀 Memuatkan cogs...
2026-03-20 07:05:10,634 - DkatanaBot - INFO - ✅ MongoDB connected
2026-03-20 07:05:10,635 - DkatanaBot - INFO - ✅ cogs.database dimuatkan
2026-03-20 07:05:10,647 - DkatanaBot - INFO - ✅ cogs.attendance dimuatkan
2026-03-20 07:05:10,655 - DkatanaBot - INFO - ✅ cogs.leave_system dimuatkan
2026-03-20 07:05:10,660 - DkatanaBot - INFO - ✅ cogs.leaderboard dimuatkan
2026-03-20 07:05:10,753 - DkatanaBot - INFO - ✅ cogs.admin_panel dimuatkan
2026-03-20 07:05:10,771 - DkatanaBot - INFO - ✅ cogs.kutipan dimuatkan
2026-03-20 07:05:10,777 - DkatanaBot - INFO - ✅ cogs.voice_manager dimuatkan
2026-03-20 07:05:10,781 - DkatanaBot - INFO - ✅ cogs.anti_spam dimuatkan
2026-03-20 07:05:10,782 - DkatanaBot - INFO - ✅ cogs.logger dimuatkan
2026-03-20 07:05:10,840 - DkatanaBot - INFO - ✅ cogs.scheduler dimuatkan
2026-03-20 07:05:11,154 - DkatanaBot - INFO - ✅ 0 command(s) disync
2026-03-20 07:05:11,894 - discord.gateway - INFO - Shard ID None has connected to Gateway (Session ID: 62c2b25704203936e0ca4113cd35363a).
2026-03-20 07:05:13,914 - DkatanaBot - INFO - 🤖 𝐃𝐊𝐒𝐲𝐬𝐭𝐞𝐦 ᴮᴼᵀ sudah online!
2026-03-20 07:05:13,914 - DkatanaBot - INFO - 🆔 Bot ID: 1471155589508759775
2026-03-20 07:05:13,914 - DkatanaBot - INFO - 🌐 Berada di 1 server
2026-03-20 07:05:13,915 - DkatanaBot - INFO - 📝 Melaksanakan auto-setup...
2026-03-20 07:05:13,936 - DkatanaBot - INFO - 🧹 Membersihkan data lama...
2026-03-20 07:05:14,250 - DkatanaBot - INFO - 🗑️ 0 data lama dipadam
2026-03-20 07:05:17,647 - DkatanaBot - INFO - ℹ️ Attendance message sedia ada direfresh di ╠➣📝├ᴋᴇʜᴀᴅɪʀᴀɴ・ᴬᵘᵗᵒ
2026-03-20 07:05:18,790 - discord.http - WARNING - We are being rate limited. PATCH https://discord.com/api/v10/channels/1476779413201879061/messages/1482559361426653317 responded with 429. Retrying in 3.81 seconds.
2026-03-20 07:05:19,265 - DkatanaBot - INFO - 🗑️ 1 mesej lama dipadam dari admin panel channel
2026-03-20 07:05:21,743 - DkatanaBot - INFO - ✅ Admin panel dihantar ke 『⚙️』ꜱᴇᴛᴜᴘ-ᴘᴀɴᴇʟ
2026-03-20 07:05:22,972 - DkatanaBot - INFO - Leaderboard kutipan dikemaskini (startup)
2026-03-20 07:05:23,683 - discord.http - WARNING - We are being rate limited. PATCH https://discord.com/api/v10/channels/1476779413201879061/messages/1477537663220449342 responded with 429. Retrying in 4.93 seconds.
2026-03-20 07:05:29,712 - discord.http - WARNING - We are being rate limited. PATCH https://discord.com/api/v10/channels/1476779413201879061/messages/1479122248433406033 responded with 429. Retrying in 4.89 seconds.
2026-03-20 07:05:35,647 - discord.http - WARNING - We are being rate limited. PATCH https://discord.com/api/v10/channels/1476779413201879061/messages/1479122250744729605 responded with 429. Retrying in 4.98 seconds.
2026-03-20 07:05:41,822 - discord.http - WARNING - We are being rate limited. PATCH https://discord.com/api/v10/channels/1476779413201879061/messages/1482559361426653317 responded with 429. Retrying in 4.80 seconds.
2026-03-20 07:05:46,957 - DkatanaBot - INFO - ✅ Leaderboard kutipan dikemaskini (auto-setup)
2026-03-20 07:05:46,957 - DkatanaBot - INFO - ✅ Auto-setup selesai!
2026-03-20 07:10:18,734 - discord.http - WARNING - We are being rate limited. PATCH https://discord.com/api/v10/channels/1475561442647347201/messages/1481967916042948732 responded with 429. Retrying in 1.90 seconds.
2026-03-20 07:11:20,332 - discord.client - WARNING - PyNaCl is not installed, voice will NOT be supported
2026-03-20 07:11:20,332 - discord.client - WARNING - davey is not installed, voice will NOT be supported
2026-03-20 07:11:20,333 - discord.client - INFO - logging in using static token
2026-03-20 07:11:21,036 - DkatanaBot - INFO - 🚀 Memuatkan cogs...
2026-03-20 07:11:22,146 - DkatanaBot - INFO - ✅ MongoDB connected
2026-03-20 07:11:22,146 - DkatanaBot - INFO - ✅ cogs.database dimuatkan
2026-03-20 07:11:22,149 - DkatanaBot - INFO - ✅ cogs.attendance dimuatkan
2026-03-20 07:11:22,152 - DkatanaBot - INFO - ✅ cogs.leave_system dimuatkan
2026-03-20 07:11:22,153 - DkatanaBot - INFO - ✅ cogs.leaderboard dimuatkan
2026-03-20 07:11:22,162 - DkatanaBot - INFO - ✅ cogs.admin_panel dimuatkan
2026-03-20 07:11:22,164 - DkatanaBot - INFO - ✅ cogs.kutipan dimuatkan
2026-03-20 07:11:22,168 - DkatanaBot - INFO - ✅ cogs.voice_manager dimuatkan
2026-03-20 07:11:22,170 - DkatanaBot - INFO - ✅ cogs.anti_spam dimuatkan
2026-03-20 07:11:22,171 - DkatanaBot - INFO - ✅ cogs.logger dimuatkan
2026-03-20 07:11:22,175 - DkatanaBot - ERROR - ❌ Gagal memuatkan cogs.scheduler: Extension 'cogs.scheduler' raised an error: IndentationError: unexpected unindent (scheduler.py, line 146)
2026-03-20 07:11:22,544 - DkatanaBot - INFO - ✅ 0 command(s) disync
2026-03-20 07:11:23,304 - discord.gateway - INFO - Shard ID None has connected to Gateway (Session ID: e5c209e5a3d27e08953ae0550f79a015).
2026-03-20 07:11:25,326 - DkatanaBot - INFO - 🤖 𝐃𝐊𝐒𝐲𝐬𝐭𝐞𝐦 ᴮᴼᵀ sudah online!
2026-03-20 07:11:25,327 - DkatanaBot - INFO - 🆔 Bot ID: 1471155589508759775
2026-03-20 07:11:25,327 - DkatanaBot - INFO - 🌐 Berada di 1 server
2026-03-20 07:11:25,327 - DkatanaBot - INFO - 📝 Melaksanakan auto-setup...
2026-03-20 07:11:25,347 - DkatanaBot - INFO - 🧹 Membersihkan data lama...
2026-03-20 07:11:25,711 - DkatanaBot - INFO - 🗑️ 0 data lama dipadam
2026-03-20 07:11:29,034 - DkatanaBot - INFO - ℹ️ Attendance message sedia ada direfresh di ╠➣📝├ᴋᴇʜᴀᴅɪʀᴀɴ・ᴬᵘᵗᵒ
2026-03-20 07:11:30,172 - discord.http - WARNING - We are being rate limited. PATCH https://discord.com/api/v10/channels/1476779413201879061/messages/1482559361426653317 responded with 429. Retrying in 3.98 seconds.
2026-03-20 07:11:30,668 - DkatanaBot - INFO - 🗑️ 1 mesej lama dipadam dari admin panel channel
2026-03-20 07:11:33,102 - DkatanaBot - INFO - ✅ Admin panel dihantar ke 『⚙️』ꜱᴇᴛᴜᴘ-ᴘᴀɴᴇʟ
2026-03-20 07:11:34,494 - DkatanaBot - INFO - Leaderboard kutipan dikemaskini (startup)
2026-03-20 07:11:35,832 - discord.http - WARNING - We are being rate limited. PATCH https://discord.com/api/v10/channels/1476779413201879061/messages/1477537663220449342 responded with 429. Retrying in 4.30 seconds.
2026-03-20 07:11:41,077 - discord.http - WARNING - We are being rate limited. PATCH https://discord.com/api/v10/channels/1476779413201879061/messages/1479122248433406033 responded with 429. Retrying in 5.08 seconds.
2026-03-20 07:11:47,256 - discord.http - WARNING - We are being rate limited. PATCH https://discord.com/api/v10/channels/1476779413201879061/messages/1479122250744729605 responded with 429. Retrying in 4.91 seconds.
2026-03-20 07:11:53,228 - discord.http - WARNING - We are being rate limited. PATCH https://discord.com/api/v10/channels/1476779413201879061/messages/1482559361426653317 responded with 429. Retrying in 4.91 seconds.
2026-03-20 07:11:58,537 - DkatanaBot - INFO - ✅ Leaderboard kutipan dikemaskini (auto-setup)
2026-03-20 07:11:58,538 - DkatanaBot - INFO - ✅ Auto-setup selesai!
2026-03-20 07:13:00,906 - discord.client - WARNING - PyNaCl is not installed, voice will NOT be supported
2026-03-20 07:13:00,906 - discord.client - WARNING - davey is not installed, voice will NOT be supported
2026-03-20 07:13:00,907 - discord.client - INFO - logging in using static token
2026-03-20 07:13:01,581 - DkatanaBot - INFO - 🚀 Memuatkan cogs...
2026-03-20 07:13:02,618 - DkatanaBot - INFO - ✅ MongoDB connected
2026-03-20 07:13:02,618 - DkatanaBot - INFO - ✅ cogs.database dimuatkan
2026-03-20 07:13:02,620 - DkatanaBot - INFO - ✅ cogs.attendance dimuatkan
2026-03-20 07:13:02,623 - DkatanaBot - INFO - ✅ cogs.leave_system dimuatkan
2026-03-20 07:13:02,624 - DkatanaBot - INFO - ✅ cogs.leaderboard dimuatkan
2026-03-20 07:13:02,630 - DkatanaBot - INFO - ✅ cogs.admin_panel dimuatkan
2026-03-20 07:13:02,633 - DkatanaBot - INFO - ✅ cogs.kutipan dimuatkan
2026-03-20 07:13:02,635 - DkatanaBot - INFO - ✅ cogs.voice_manager dimuatkan
2026-03-20 07:13:02,637 - DkatanaBot - INFO - ✅ cogs.anti_spam dimuatkan
2026-03-20 07:13:02,638 - DkatanaBot - INFO - ✅ cogs.logger dimuatkan
2026-03-20 07:13:02,640 - DkatanaBot - ERROR - ❌ Gagal memuatkan cogs.scheduler: Extension 'cogs.scheduler' raised an error: IndentationError: unindent does not match any outer indentation level (scheduler.py, line 145)
2026-03-20 07:13:02,967 - DkatanaBot - INFO - ✅ 0 command(s) disync
2026-03-20 07:13:03,746 - discord.gateway - INFO - Shard ID None has connected to Gateway (Session ID: ea47b7b1b51a28906d2c4e3aead215b0).
2026-03-20 07:13:05,762 - DkatanaBot - INFO - 🤖 𝐃𝐊𝐒𝐲𝐬𝐭𝐞𝐦 ᴮᴼᵀ sudah online!
2026-03-20 07:13:05,763 - DkatanaBot - INFO - 🆔 Bot ID: 1471155589508759775
2026-03-20 07:13:05,763 - DkatanaBot - INFO - 🌐 Berada di 1 server
2026-03-20 07:13:05,764 - DkatanaBot - INFO - 📝 Melaksanakan auto-setup...
2026-03-20 07:13:05,785 - DkatanaBot - INFO - 🧹 Membersihkan data lama...
2026-03-20 07:13:06,048 - DkatanaBot - INFO - 🗑️ 0 data lama dipadam
2026-03-20 07:13:09,520 - DkatanaBot - INFO - ℹ️ Attendance message sedia ada direfresh di ╠➣📝├ᴋᴇʜᴀᴅɪʀᴀɴ・ᴬᵘᵗᵒ
2026-03-20 07:13:10,652 - discord.http - WARNING - We are being rate limited. PATCH https://discord.com/api/v10/channels/1476779413201879061/messages/1482559361426653317 responded with 429. Retrying in 3.87 seconds.
2026-03-20 07:13:11,263 - DkatanaBot - INFO - 🗑️ 1 mesej lama dipadam dari admin panel channel
2026-03-20 07:13:13,658 - DkatanaBot - INFO - ✅ Admin panel dihantar ke 『⚙️』ꜱᴇᴛᴜᴘ-ᴘᴀɴᴇʟ
2026-03-20 07:13:14,974 - DkatanaBot - INFO - Leaderboard kutipan dikemaskini (startup)
2026-03-20 07:13:15,740 - discord.http - WARNING - We are being rate limited. PATCH https://discord.com/api/v10/channels/1476779413201879061/messages/1477537663220449342 responded with 429. Retrying in 4.79 seconds.
2026-03-20 07:13:21,492 - discord.http - WARNING - We are being rate limited. PATCH https://discord.com/api/v10/channels/1476779413201879061/messages/1479122248433406033 responded with 429. Retrying in 5.05 seconds.
2026-03-20 07:13:27,620 - discord.http - WARNING - We are being rate limited. PATCH https://discord.com/api/v10/channels/1476779413201879061/messages/1479122250744729605 responded with 429. Retrying in 4.91 seconds.
2026-03-20 07:13:33,569 - discord.http - WARNING - We are being rate limited. PATCH https://discord.com/api/v10/channels/1476779413201879061/messages/1482559361426653317 responded with 429. Retrying in 4.96 seconds.
2026-03-20 07:13:38,900 - DkatanaBot - INFO - ✅ Leaderboard kutipan dikemaskini (auto-setup)
2026-03-20 07:13:38,901 - DkatanaBot - INFO - ✅ Auto-setup selesai!
2026-03-20 07:14:19,681 - discord.client - WARNING - PyNaCl is not installed, voice will NOT be supported
2026-03-20 07:14:19,681 - discord.client - WARNING - davey is not installed, voice will NOT be supported
2026-03-20 07:14:19,681 - discord.client - INFO - logging in using static token
2026-03-20 07:14:20,459 - DkatanaBot - INFO - 🚀 Memuatkan cogs...
2026-03-20 07:14:21,529 - DkatanaBot - INFO - ✅ MongoDB connected
2026-03-20 07:14:21,529 - DkatanaBot - INFO - ✅ cogs.database dimuatkan
2026-03-20 07:14:21,532 - DkatanaBot - INFO - ✅ cogs.attendance dimuatkan
2026-03-20 07:14:21,535 - DkatanaBot - INFO - ✅ cogs.leave_system dimuatkan
2026-03-20 07:14:21,537 - DkatanaBot - INFO - ✅ cogs.leaderboard dimuatkan
2026-03-20 07:14:21,544 - DkatanaBot - INFO - ✅ cogs.admin_panel dimuatkan
2026-03-20 07:14:21,547 - DkatanaBot - INFO - ✅ cogs.kutipan dimuatkan
2026-03-20 07:14:21,549 - DkatanaBot - INFO - ✅ cogs.voice_manager dimuatkan
2026-03-20 07:14:21,551 - DkatanaBot - INFO - ✅ cogs.anti_spam dimuatkan
2026-03-20 07:14:21,553 - DkatanaBot - INFO - ✅ cogs.logger dimuatkan
2026-03-20 07:14:21,560 - DkatanaBot - INFO - ✅ cogs.scheduler dimuatkan
2026-03-20 07:14:21,920 - DkatanaBot - INFO - ✅ 0 command(s) disync
2026-03-20 07:14:22,836 - discord.gateway - INFO - Shard ID None has connected to Gateway (Session ID: e83c0f7c1bbd14cf23dc61071dae869f).
2026-03-20 07:14:24,849 - DkatanaBot - INFO - 🤖 𝐃𝐊𝐒𝐲𝐬𝐭𝐞𝐦 ᴮᴼᵀ sudah online!
2026-03-20 07:14:24,849 - DkatanaBot - INFO - 🆔 Bot ID: 1471155589508759775
2026-03-20 07:14:24,849 - DkatanaBot - INFO - 🌐 Berada di 1 server
2026-03-20 07:14:24,850 - DkatanaBot - INFO - 📝 Melaksanakan auto-setup...
2026-03-20 07:14:24,871 - DkatanaBot - INFO - 🧹 Membersihkan data lama...
2026-03-20 07:14:25,198 - DkatanaBot - INFO - 🗑️ 0 data lama dipadam
2026-03-20 07:14:28,609 - DkatanaBot - INFO - ℹ️ Attendance message sedia ada direfresh di ╠➣📝├ᴋᴇʜᴀᴅɪʀᴀɴ・ᴬᵘᵗᵒ
2026-03-20 07:14:30,155 - discord.http - WARNING - We are being rate limited. PATCH https://discord.com/api/v10/channels/1476779413201879061/messages/1482559361426653317 responded with 429. Retrying in 3.84 seconds.
2026-03-20 07:14:30,182 - DkatanaBot - INFO - 🗑️ 1 mesej lama dipadam dari admin panel channel
2026-03-20 07:14:31,809 - discord.http - WARNING - We are being rate limited. PATCH https://discord.com/api/v10/channels/1475561442647347201/messages/1481967916042948732 responded with 429. Retrying in 0.98 seconds.
2026-03-20 07:14:32,570 - DkatanaBot - INFO - ✅ Admin panel dihantar ke 『⚙️』ꜱᴇᴛᴜᴘ-ᴘᴀɴᴇʟ
2026-03-20 07:14:34,370 - DkatanaBot - INFO - Leaderboard kutipan dikemaskini (startup)
2026-03-20 07:14:35,028 - discord.http - WARNING - We are being rate limited. PATCH https://discord.com/api/v10/channels/1476779413201879061/messages/1477537663220449342 responded with 429. Retrying in 4.97 seconds.
2026-03-20 07:14:41,079 - discord.http - WARNING - We are being rate limited. PATCH https://discord.com/api/v10/channels/1476779413201879061/messages/1479122248433406033 responded with 429. Retrying in 4.91 seconds.
2026-03-20 07:14:47,136 - discord.http - WARNING - We are being rate limited. PATCH https://discord.com/api/v10/channels/1476779413201879061/messages/1479122250744729605 responded with 429. Retrying in 4.88 seconds.
2026-03-20 07:14:53,127 - discord.http - WARNING - We are being rate limited. PATCH https://discord.com/api/v10/channels/1476779413201879061/messages/1482559361426653317 responded with 429. Retrying in 4.90 seconds.
2026-03-20 07:14:58,355 - DkatanaBot - INFO - ✅ Leaderboard kutipan dikemaskini (auto-setup)
2026-03-20 07:14:58,356 - DkatanaBot - INFO - ✅ Auto-setup selesai!
2026-03-20 07:19:29,463 - discord.http - WARNING - We are being rate limited. PATCH https://discord.com/api/v10/channels/1475561442647347201/messages/1481967916042948732 responded with 429. Retrying in 2.10 seconds.
2026-03-20 07:24:29,643 - discord.http - WARNING - We are being rate limited. PATCH https://discord.com/api/v10/channels/1475561442647347201/messages/1481967916042948732 responded with 429. Retrying in 1.88 seconds.
2026-03-20 07:29:29,660 - discord.http - WARNING - We are being rate limited. PATCH https://discord.com/api/v10/channels/1475561442647347201/messages/1481967916042948732 responded with 429. Retrying in 1.95 seconds.
2026-03-20 07:34:29,725 - discord.http - WARNING - We are being rate limited. PATCH https://discord.com/api/v10/channels/1475561442647347201/messages/1481967916042948732 responded with 429. Retrying in 1.82 seconds.
2026-03-20 07:38:38,466 - discord.client - WARNING - PyNaCl is not installed, voice will NOT be supported
2026-03-20 07:38:38,466 - discord.client - WARNING - davey is not installed, voice will NOT be supported
2026-03-20 07:38:38,492 - discord.client - INFO - logging in using static token
2026-03-20 07:38:39,232 - DkatanaBot - INFO - 🚀 Memuatkan cogs...
2026-03-20 07:38:40,514 - DkatanaBot - INFO - ✅ MongoDB connected
2026-03-20 07:38:40,515 - DkatanaBot - INFO - ✅ cogs.database dimuatkan
2026-03-20 07:38:40,519 - DkatanaBot - INFO - ✅ cogs.attendance dimuatkan
2026-03-20 07:38:40,524 - DkatanaBot - INFO - ✅ cogs.leave_system dimuatkan
2026-03-20 07:38:40,527 - DkatanaBot - INFO - ✅ cogs.leaderboard dimuatkan
2026-03-20 07:38:40,565 - DkatanaBot - INFO - ✅ cogs.admin_panel dimuatkan
2026-03-20 07:38:40,568 - DkatanaBot - INFO - ✅ cogs.kutipan dimuatkan
2026-03-20 07:38:40,594 - DkatanaBot - INFO - ✅ cogs.voice_manager dimuatkan
2026-03-20 07:38:40,598 - DkatanaBot - INFO - ✅ cogs.anti_spam dimuatkan
2026-03-20 07:38:40,599 - DkatanaBot - INFO - ✅ cogs.logger dimuatkan
2026-03-20 07:38:40,605 - DkatanaBot - INFO - ✅ cogs.scheduler dimuatkan
2026-03-20 07:38:40,935 - DkatanaBot - INFO - ✅ 0 command(s) disync
2026-03-20 07:38:41,851 - discord.gateway - INFO - Shard ID None has connected to Gateway (Session ID: 25043a736bfeb3441c9fc39861ef03be).
2026-03-20 07:38:43,873 - DkatanaBot - INFO - 🤖 𝐃𝐊𝐒𝐲𝐬𝐭𝐞𝐦 ᴮᴼᵀ sudah online!
2026-03-20 07:38:43,873 - DkatanaBot - INFO - 🆔 Bot ID: 1471155589508759775
2026-03-20 07:38:43,873 - DkatanaBot - INFO - 🌐 Berada di 1 server
2026-03-20 07:38:43,874 - DkatanaBot - INFO - 📝 Melaksanakan auto-setup...
2026-03-20 07:38:43,901 - DkatanaBot - INFO - 🧹 Membersihkan data lama...
2026-03-20 07:38:44,231 - DkatanaBot - INFO - 🗑️ 0 data lama dipadam
2026-03-20 07:38:47,604 - DkatanaBot - INFO - ℹ️ Attendance message sedia ada direfresh di ╠➣📝├ᴋᴇʜᴀᴅɪʀᴀɴ・ᴬᵘᵗᵒ
2026-03-20 07:38:49,040 - discord.http - WARNING - We are being rate limited. PATCH https://discord.com/api/v10/channels/1476779413201879061/messages/1482559361426653317 responded with 429. Retrying in 3.90 seconds.
2026-03-20 07:38:49,181 - DkatanaBot - INFO - 🗑️ 1 mesej lama dipadam dari admin panel channel
2026-03-20 07:38:50,837 - discord.http - WARNING - We are being rate limited. PATCH https://discord.com/api/v10/channels/1475561442647347201/messages/1481967916042948732 responded with 429. Retrying in 1.02 seconds.
2026-03-20 07:38:51,692 - DkatanaBot - INFO - ✅ Admin panel dihantar ke 『⚙️』ꜱᴇᴛᴜᴘ-ᴘᴀɴᴇʟ
2026-03-20 07:38:53,239 - DkatanaBot - INFO - Leaderboard kutipan dikemaskini (startup)
2026-03-20 07:38:53,852 - discord.http - WARNING - We are being rate limited. PATCH https://discord.com/api/v10/channels/1476779413201879061/messages/1477537663220449342 responded with 429. Retrying in 5.06 seconds.
2026-03-20 07:38:59,923 - discord.http - WARNING - We are being rate limited. PATCH https://discord.com/api/v10/channels/1476779413201879061/messages/1479122248433406033 responded with 429. Retrying in 5.02 seconds.
2026-03-20 07:39:05,945 - discord.http - WARNING - We are being rate limited. PATCH https://discord.com/api/v10/channels/1476779413201879061/messages/1479122250744729605 responded with 429. Retrying in 4.96 seconds.
2026-03-20 07:39:11,944 - discord.http - WARNING - We are being rate limited. PATCH https://discord.com/api/v10/channels/1476779413201879061/messages/1482559361426653317 responded with 429. Retrying in 5.01 seconds.
2026-03-20 07:39:17,308 - DkatanaBot - INFO - ✅ Leaderboard kutipan dikemaskini (auto-setup)
2026-03-20 07:39:17,308 - DkatanaBot - INFO - ✅ Auto-setup selesai!
2026-03-20 07:43:48,683 - discord.http - WARNING - We are being rate limited. PATCH https://discord.com/api/v10/channels/1475561442647347201/messages/1481967916042948732 responded with 429. Retrying in 1.90 seconds.
2026-03-20 07:48:49,523 - discord.http - WARNING - We are being rate limited. PATCH https://discord.com/api/v10/channels/1475561442647347201/messages/1481967916042948732 responded with 429. Retrying in 1.07 seconds.
2026-03-20 07:53:48,929 - discord.http - WARNING - We are being rate limited. PATCH https://discord.com/api/v10/channels/1475561442647347201/messages/1481967916042948732 responded with 429. Retrying in 1.76 seconds.
2026-03-20 07:56:20,035 - DkatanaBot - ERROR - ui_reply error: expected view parameter to be of type View or LayoutView, not NoneType
2026-03-20 07:56:59,888 - DkatanaBot - ERROR - admin_panel handle_select error (kutipan_panel): This interaction has already been responded to before
Traceback (most recent call last):
  File "/home/container/cogs/admin_panel.py", line 508, in handle_select
    await kutipan.open_admin_panel(interaction)
  File "/home/container/cogs/kutipan.py", line 526, in open_admin_panel
    await interaction.response.send_message(content=view.summary_text(), view=view, ephemeral=True)
  File "/home/container/.local/lib/python3.14/site-packages/discord/interactions.py", line 1057, in send_message
    raise InteractionResponded(self._parent)
discord.errors.InteractionResponded: This interaction has already been responded to before
2026-03-20 07:56:59,893 - DkatanaBot - ERROR - ui_reply error: expected view parameter to be of type View or LayoutView, not NoneType
2026-03-20 07:57:30,248 - DkatanaBot - ERROR - admin_panel handle_select error (kutipan_panel): This interaction has already been responded to before
Traceback (most recent call last):
  File "/home/container/cogs/admin_panel.py", line 508, in handle_select
    await kutipan.open_admin_panel(interaction)
  File "/home/container/cogs/kutipan.py", line 526, in open_admin_panel
    await interaction.response.send_message(content=view.summary_text(), view=view, ephemeral=True)
  File "/home/container/.local/lib/python3.14/site-packages/discord/interactions.py", line 1057, in send_message
    raise InteractionResponded(self._parent)
discord.errors.InteractionResponded: This interaction has already been responded to before
2026-03-20 07:57:30,249 - DkatanaBot - ERROR - ui_reply error: expected view parameter to be of type View or LayoutView, not NoneType
2026-03-20 07:58:11,418 - DkatanaBot - ERROR - admin_panel handle_select error (kutipan_panel): This interaction has already been responded to before
Traceback (most recent call last):
  File "/home/container/cogs/admin_panel.py", line 508, in handle_select
    await kutipan.open_admin_panel(interaction)
  File "/home/container/cogs/kutipan.py", line 526, in open_admin_panel
    await interaction.response.send_message(content=view.summary_text(), view=view, ephemeral=True)
  File "/home/container/.local/lib/python3.14/site-packages/discord/interactions.py", line 1057, in send_message
    raise InteractionResponded(self._parent)
discord.errors.InteractionResponded: This interaction has already been responded to before
2026-03-20 07:58:11,419 - DkatanaBot - ERROR - ui_reply error: expected view parameter to be of type View or LayoutView, not NoneType
2026-03-20 07:58:18,769 - DkatanaBot - ERROR - admin_panel handle_select error (kutipan_panel): This interaction has already been responded to before
Traceback (most recent call last):
  File "/home/container/cogs/admin_panel.py", line 508, in handle_select
    await kutipan.open_admin_panel(interaction)
  File "/home/container/cogs/kutipan.py", line 526, in open_admin_panel
    await interaction.response.send_message(content=view.summary_text(), view=view, ephemeral=True)
  File "/home/container/.local/lib/python3.14/site-packages/discord/interactions.py", line 1057, in send_message
    raise InteractionResponded(self._parent)
discord.errors.InteractionResponded: This interaction has already been responded to before
2026-03-20 07:58:18,770 - DkatanaBot - ERROR - ui_reply error: expected view parameter to be of type View or LayoutView, not NoneType
2026-03-20 07:58:30,454 - DkatanaBot - ERROR - admin_panel handle_select error (kutipan_panel): This interaction has already been responded to before
Traceback (most recent call last):
  File "/home/container/cogs/admin_panel.py", line 508, in handle_select
    await kutipan.open_admin_panel(interaction)
  File "/home/container/cogs/kutipan.py", line 526, in open_admin_panel
    await interaction.response.send_message(content=view.summary_text(), view=view, ephemeral=True)
  File "/home/container/.local/lib/python3.14/site-packages/discord/interactions.py", line 1057, in send_message
    raise InteractionResponded(self._parent)
discord.errors.InteractionResponded: This interaction has already been responded to before
2026-03-20 07:58:30,458 - DkatanaBot - ERROR - ui_reply error: expected view parameter to be of type View or LayoutView, not NoneType
2026-03-20 07:58:45,690 - DkatanaBot - ERROR - admin_panel handle_select error (kutipan_panel): This interaction has already been responded to before
Traceback (most recent call last):
  File "/home/container/cogs/admin_panel.py", line 508, in handle_select
    await kutipan.open_admin_panel(interaction)
  File "/home/container/cogs/kutipan.py", line 526, in open_admin_panel
    await interaction.response.send_message(content=view.summary_text(), view=view, ephemeral=True)
  File "/home/container/.local/lib/python3.14/site-packages/discord/interactions.py", line 1057, in send_message
    raise InteractionResponded(self._parent)
discord.errors.InteractionResponded: This interaction has already been responded to before
2026-03-20 07:58:45,691 - DkatanaBot - ERROR - ui_reply error: expected view parameter to be of type View or LayoutView, not NoneType
2026-03-20 07:58:48,791 - discord.http - WARNING - We are being rate limited. PATCH https://discord.com/api/v10/channels/1475561442647347201/messages/1481967916042948732 responded with 429. Retrying in 1.78 seconds.
2026-03-20 07:59:28,872 - discord.client - WARNING - PyNaCl is not installed, voice will NOT be supported
2026-03-20 07:59:28,873 - discord.client - WARNING - davey is not installed, voice will NOT be supported
2026-03-20 07:59:28,874 - discord.client - INFO - logging in using static token
2026-03-20 07:59:29,548 - DkatanaBot - INFO - 🚀 Memuatkan cogs...
2026-03-20 07:59:30,640 - DkatanaBot - INFO - ✅ MongoDB connected
2026-03-20 07:59:30,640 - DkatanaBot - INFO - ✅ cogs.database dimuatkan
2026-03-20 07:59:30,642 - DkatanaBot - INFO - ✅ cogs.attendance dimuatkan
2026-03-20 07:59:30,644 - DkatanaBot - INFO - ✅ cogs.leave_system dimuatkan
2026-03-20 07:59:30,646 - DkatanaBot - INFO - ✅ cogs.leaderboard dimuatkan
2026-03-20 07:59:30,744 - DkatanaBot - INFO - ✅ cogs.admin_panel dimuatkan
2026-03-20 07:59:30,747 - DkatanaBot - INFO - ✅ cogs.kutipan dimuatkan
2026-03-20 07:59:30,749 - DkatanaBot - INFO - ✅ cogs.voice_manager dimuatkan
2026-03-20 07:59:30,751 - DkatanaBot - INFO - ✅ cogs.anti_spam dimuatkan
2026-03-20 07:59:30,752 - DkatanaBot - INFO - ✅ cogs.logger dimuatkan
2026-03-20 07:59:30,754 - DkatanaBot - INFO - ✅ cogs.scheduler dimuatkan
2026-03-20 07:59:31,048 - DkatanaBot - INFO - ✅ 0 command(s) disync
2026-03-20 07:59:31,813 - discord.gateway - INFO - Shard ID None has connected to Gateway (Session ID: dd0babe528df0a531d9d054b86cc05f3).
2026-03-20 07:59:33,824 - DkatanaBot - INFO - 🤖 𝐃𝐊𝐒𝐲𝐬𝐭𝐞𝐦 ᴮᴼᵀ sudah online!
2026-03-20 07:59:33,825 - DkatanaBot - INFO - 🆔 Bot ID: 1471155589508759775
2026-03-20 07:59:33,825 - DkatanaBot - INFO - 🌐 Berada di 1 server
2026-03-20 07:59:33,825 - DkatanaBot - INFO - 📝 Melaksanakan auto-setup...
2026-03-20 07:59:33,849 - DkatanaBot - INFO - 🧹 Membersihkan data lama...
2026-03-20 07:59:34,183 - DkatanaBot - INFO - 🗑️ 0 data lama dipadam
2026-03-20 07:59:37,510 - DkatanaBot - INFO - ℹ️ Attendance message sedia ada direfresh di ╠➣📝├ᴋᴇʜᴀᴅɪʀᴀɴ・ᴬᵘᵗᵒ
2026-03-20 07:59:39,147 - DkatanaBot - INFO - 🗑️ 1 mesej lama dipadam dari admin panel channel
2026-03-20 07:59:39,506 - discord.http - WARNING - We are being rate limited. PATCH https://discord.com/api/v10/channels/1476779413201879061/messages/1482559361426653317 responded with 429. Retrying in 3.68 seconds.
2026-03-20 07:59:41,180 - discord.http - WARNING - We are being rate limited. PATCH https://discord.com/api/v10/channels/1475561442647347201/messages/1481967916042948732 responded with 429. Retrying in 0.66 seconds.
2026-03-20 07:59:41,512 - DkatanaBot - INFO - ✅ Admin panel dihantar ke 『⚙️』ꜱᴇᴛᴜᴘ-ᴘᴀɴᴇʟ
2026-03-20 07:59:43,529 - DkatanaBot - INFO - Leaderboard kutipan dikemaskini (startup)
2026-03-20 07:59:44,160 - discord.http - WARNING - We are being rate limited. PATCH https://discord.com/api/v10/channels/1476779413201879061/messages/1477537663220449342 responded with 429. Retrying in 5.02 seconds.
2026-03-20 07:59:50,218 - discord.http - WARNING - We are being rate limited. PATCH https://discord.com/api/v10/channels/1476779413201879061/messages/1479122248433406033 responded with 429. Retrying in 4.97 seconds.
2026-03-20 07:59:56,274 - discord.http - WARNING - We are being rate limited. PATCH https://discord.com/api/v10/channels/1476779413201879061/messages/1479122250744729605 responded with 429. Retrying in 4.94 seconds.
2026-03-20 08:00:02,704 - discord.http - WARNING - We are being rate limited. PATCH https://discord.com/api/v10/channels/1476779413201879061/messages/1482559361426653317 responded with 429. Retrying in 4.48 seconds.
2026-03-20 08:00:07,753 - DkatanaBot - INFO - ✅ Leaderboard kutipan dikemaskini (auto-setup)
2026-03-20 08:00:07,754 - DkatanaBot - INFO - ✅ Auto-setup selesai!
2026-03-20 08:04:38,311 - discord.http - WARNING - We are being rate limited. PATCH https://discord.com/api/v10/channels/1475561442647347201/messages/1481967916042948732 responded with 429. Retrying in 2.16 seconds.
2026-03-20 08:09:38,709 - discord.http - WARNING - We are being rate limited. PATCH https://discord.com/api/v10/channels/1475561442647347201/messages/1481967916042948732 responded with 429. Retrying in 1.77 seconds.
2026-03-20 08:14:38,761 - discord.http - WARNING - We are being rate limited. PATCH https://discord.com/api/v10/channels/1475561442647347201/messages/1481967916042948732 responded with 429. Retrying in 1.69 seconds.
2026-03-20 08:19:38,620 - discord.http - WARNING - We are being rate limited. PATCH https://discord.com/api/v10/channels/1475561442647347201/messages/1481967916042948732 responded with 429. Retrying in 1.82 seconds.
2026-03-20 08:24:38,832 - discord.http - WARNING - We are being rate limited. PATCH https://discord.com/api/v10/channels/1475561442647347201/messages/1481967916042948732 responded with 429. Retrying in 1.61 seconds.
2026-03-20 08:29:38,690 - discord.http - WARNING - We are being rate limited. PATCH https://discord.com/api/v10/channels/1475561442647347201/messages/1481967916042948732 responded with 429. Retrying in 1.85 seconds.
2026-03-20 08:34:38,862 - discord.http - WARNING - We are being rate limited. PATCH https://discord.com/api/v10/channels/1475561442647347201/messages/1481967916042948732 responded with 429. Retrying in 1.64 seconds.
2026-03-20 08:39:39,396 - discord.http - WARNING - We are being rate limited. PATCH https://discord.com/api/v10/channels/1475561442647347201/messages/1481967916042948732 responded with 429. Retrying in 1.05 seconds.
2026-03-20 08:44:38,637 - discord.http - WARNING - We are being rate limited. PATCH https://discord.com/api/v10/channels/1475561442647347201/messages/1481967916042948732 responded with 429. Retrying in 1.87 seconds.
2026-03-20 08:49:38,800 - discord.http - WARNING - We are being rate limited. PATCH https://discord.com/api/v10/channels/1475561442647347201/messages/1481967916042948732 responded with 429. Retrying in 1.62 seconds.
2026-03-20 08:54:38,728 - discord.http - WARNING - We are being rate limited. PATCH https://discord.com/api/v10/channels/1475561442647347201/messages/1481967916042948732 responded with 429. Retrying in 1.66 seconds.
2026-03-20 08:59:38,682 - discord.http - WARNING - We are being rate limited. PATCH https://discord.com/api/v10/channels/1475561442647347201/messages/1481967916042948732 responded with 429. Retrying in 1.79 seconds.
2026-03-20 09:04:40,215 - discord.http - WARNING - We are being rate limited. PATCH https://discord.com/api/v10/channels/1475561442647347201/messages/1481967916042948732 responded with 429. Retrying in 1.44 seconds.
2026-03-20 09:09:38,635 - discord.http - WARNING - We are being rate limited. PATCH https://discord.com/api/v10/channels/1475561442647347201/messages/1481967916042948732 responded with 429. Retrying in 1.81 seconds.
2026-03-20 09:14:38,873 - discord.http - WARNING - We are being rate limited. PATCH https://discord.com/api/v10/channels/1475561442647347201/messages/1481967916042948732 responded with 429. Retrying in 1.64 seconds.
2026-03-20 09:19:38,609 - discord.http - WARNING - We are being rate limited. PATCH https://discord.com/api/v10/channels/1475561442647347201/messages/1481967916042948732 responded with 429. Retrying in 1.92 seconds.
2026-03-20 09:24:38,890 - discord.http - WARNING - We are being rate limited. PATCH https://discord.com/api/v10/channels/1475561442647347201/messages/1481967916042948732 responded with 429. Retrying in 1.61 seconds.
2026-03-20 09:29:38,859 - discord.http - WARNING - We are being rate limited. PATCH https://discord.com/api/v10/channels/1475561442647347201/messages/1481967916042948732 responded with 429. Retrying in 1.99 seconds.
2026-03-20 09:34:39,352 - discord.http - WARNING - We are being rate limited. PATCH https://discord.com/api/v10/channels/1475561442647347201/messages/1481967916042948732 responded with 429. Retrying in 1.15 seconds.
2026-03-20 09:39:38,895 - discord.http - WARNING - We are being rate limited. PATCH https://discord.com/api/v10/channels/1475561442647347201/messages/1481967916042948732 responded with 429. Retrying in 1.64 seconds.
2026-03-20 09:44:38,522 - discord.http - WARNING - We are being rate limited. PATCH https://discord.com/api/v10/channels/1475561442647347201/messages/1481967916042948732 responded with 429. Retrying in 1.95 seconds.
2026-03-20 09:54:38,819 - discord.http - WARNING - We are being rate limited. PATCH https://discord.com/api/v10/channels/1475561442647347201/messages/1481967916042948732 responded with 429. Retrying in 1.66 seconds.
2026-03-20 09:59:38,604 - discord.http - WARNING - We are being rate limited. PATCH https://discord.com/api/v10/channels/1475561442647347201/messages/1481967916042948732 responded with 429. Retrying in 1.91 seconds.
2026-03-20 10:04:38,830 - discord.http - WARNING - We are being rate limited. PATCH https://discord.com/api/v10/channels/1475561442647347201/messages/1481967916042948732 responded with 429. Retrying in 1.64 seconds.
2026-03-20 10:09:38,723 - discord.http - WARNING - We are being rate limited. PATCH https://discord.com/api/v10/channels/1475561442647347201/messages/1481967916042948732 responded with 429. Retrying in 1.74 seconds.
2026-03-20 10:14:38,942 - discord.http - WARNING - We are being rate limited. PATCH https://discord.com/api/v10/channels/1475561442647347201/messages/1481967916042948732 responded with 429. Retrying in 1.63 seconds.
2026-03-20 10:19:38,827 - discord.http - WARNING - We are being rate limited. PATCH https://discord.com/api/v10/channels/1475561442647347201/messages/1481967916042948732 responded with 429. Retrying in 1.71 seconds.
2026-03-20 10:24:38,821 - discord.http - WARNING - We are being rate limited. PATCH https://discord.com/api/v10/channels/1475561442647347201/messages/1481967916042948732 responded with 429. Retrying in 1.79 seconds.
2026-03-20 10:29:38,726 - discord.http - WARNING - We are being rate limited. PATCH https://discord.com/api/v10/channels/1475561442647347201/messages/1481967916042948732 responded with 429. Retrying in 1.80 seconds.
2026-03-20 10:34:38,696 - discord.http - WARNING - We are being rate limited. PATCH https://discord.com/api/v10/channels/1475561442647347201/messages/1481967916042948732 responded with 429. Retrying in 1.80 seconds.
2026-03-20 10:39:38,645 - discord.http - WARNING - We are being rate limited. PATCH https://discord.com/api/v10/channels/1475561442647347201/messages/1481967916042948732 responded with 429. Retrying in 1.87 seconds.
2026-03-20 10:43:36,367 - discord.gateway - INFO - Shard ID None has successfully RESUMED session dd0babe528df0a531d9d054b86cc05f3.
2026-03-20 10:44:38,739 - discord.http - WARNING - We are being rate limited. PATCH https://discord.com/api/v10/channels/1475561442647347201/messages/1481967916042948732 responded with 429. Retrying in 1.91 seconds.
2026-03-20 10:49:38,607 - discord.http - WARNING - We are being rate limited. PATCH https://discord.com/api/v10/channels/1475561442647347201/messages/1481967916042948732 responded with 429. Retrying in 1.91 seconds.
2026-03-20 10:54:38,717 - discord.http - WARNING - We are being rate limited. PATCH https://discord.com/api/v10/channels/1475561442647347201/messages/1481967916042948732 responded with 429. Retrying in 1.87 seconds.
2026-03-20 10:59:38,798 - discord.http - WARNING - We are being rate limited. PATCH https://discord.com/api/v10/channels/1475561442647347201/messages/1481967916042948732 responded with 429. Retrying in 1.75 seconds.
2026-03-20 11:04:38,715 - discord.http - WARNING - We are being rate limited. PATCH https://discord.com/api/v10/channels/1475561442647347201/messages/1481967916042948732 responded with 429. Retrying in 1.82 seconds.
2026-03-20 11:09:38,577 - discord.http - WARNING - We are being rate limited. PATCH https://discord.com/api/v10/channels/1475561442647347201/messages/1481967916042948732 responded with 429. Retrying in 1.83 seconds.
2026-03-20 11:14:39,277 - discord.http - WARNING - We are being rate limited. PATCH https://discord.com/api/v10/channels/1475561442647347201/messages/1481967916042948732 responded with 429. Retrying in 1.19 seconds.
2026-03-20 11:19:38,475 - discord.http - WARNING - We are being rate limited. PATCH https://discord.com/api/v10/channels/1475561442647347201/messages/1481967916042948732 responded with 429. Retrying in 1.95 seconds.
2026-03-20 11:24:38,433 - discord.http - WARNING - We are being rate limited. PATCH https://discord.com/api/v10/channels/1475561442647347201/messages/1481967916042948732 responded with 429. Retrying in 2.04 seconds.
2026-03-20 11:29:39,202 - discord.http - WARNING - We are being rate limited. PATCH https://discord.com/api/v10/channels/1475561442647347201/messages/1481967916042948732 responded with 429. Retrying in 1.72 seconds.
2026-03-20 11:34:38,384 - discord.http - WARNING - We are being rate limited. PATCH https://discord.com/api/v10/channels/1475561442647347201/messages/1481967916042948732 responded with 429. Retrying in 2.05 seconds.
2026-03-20 11:39:38,758 - discord.http - WARNING - We are being rate limited. PATCH https://discord.com/api/v10/channels/1475561442647347201/messages/1481967916042948732 responded with 429. Retrying in 1.61 seconds.
2026-03-20 11:44:38,584 - discord.http - WARNING - We are being rate limited. PATCH https://discord.com/api/v10/channels/1475561442647347201/messages/1481967916042948732 responded with 429. Retrying in 2.02 seconds.
2026-03-20 11:49:38,308 - discord.http - WARNING - We are being rate limited. PATCH https://discord.com/api/v10/channels/1475561442647347201/messages/1481967916042948732 responded with 429. Retrying in 2.08 seconds.
2026-03-20 11:54:39,077 - discord.http - WARNING - We are being rate limited. PATCH https://discord.com/api/v10/channels/1475561442647347201/messages/1481967916042948732 responded with 429. Retrying in 1.47 seconds.
2026-03-20 11:59:38,829 - discord.http - WARNING - We are being rate limited. PATCH https://discord.com/api/v10/channels/1475561442647347201/messages/1481967916042948732 responded with 429. Retrying in 1.79 seconds.
2026-03-20 12:04:38,384 - discord.http - WARNING - We are being rate limited. PATCH https://discord.com/api/v10/channels/1475561442647347201/messages/1481967916042948732 responded with 429. Retrying in 2.11 seconds.
2026-03-20 12:09:38,474 - discord.http - WARNING - We are being rate limited. PATCH https://discord.com/api/v10/channels/1475561442647347201/messages/1481967916042948732 responded with 429. Retrying in 2.00 seconds.
2026-03-20 12:14:38,451 - discord.http - WARNING - We are being rate limited. PATCH https://discord.com/api/v10/channels/1475561442647347201/messages/1481967916042948732 responded with 429. Retrying in 2.12 seconds.
2026-03-20 12:19:38,582 - discord.http - WARNING - We are being rate limited. PATCH https://discord.com/api/v10/channels/1475561442647347201/messages/1481967916042948732 responded with 429. Retrying in 1.92 seconds.
2026-03-20 12:24:38,588 - discord.http - WARNING - We are being rate limited. PATCH https://discord.com/api/v10/channels/1475561442647347201/messages/1481967916042948732 responded with 429. Retrying in 1.94 seconds.
2026-03-20 12:29:38,630 - discord.http - WARNING - We are being rate limited. PATCH https://discord.com/api/v10/channels/1475561442647347201/messages/1481967916042948732 responded with 429. Retrying in 1.88 seconds.
2026-03-20 12:34:38,592 - discord.http - WARNING - We are being rate limited. PATCH https://discord.com/api/v10/channels/1475561442647347201/messages/1481967916042948732 responded with 429. Retrying in 1.91 seconds.
2026-03-20 12:39:38,494 - discord.http - WARNING - We are being rate limited. PATCH https://discord.com/api/v10/channels/1475561442647347201/messages/1481967916042948732 responded with 429. Retrying in 2.08 seconds.
2026-03-20 12:44:38,319 - discord.http - WARNING - We are being rate limited. PATCH https://discord.com/api/v10/channels/1475561442647347201/messages/1481967916042948732 responded with 429. Retrying in 2.10 seconds.
2026-03-20 12:49:39,013 - discord.http - WARNING - We are being rate limited. PATCH https://discord.com/api/v10/channels/1475561442647347201/messages/1481967916042948732 responded with 429. Retrying in 1.62 seconds.
